<?xml version = '1.0' encoding = 'UTF-8'?>
<FKIndexAssociation class="oracle.dbtools.crest.model.design.relational.FKIndexAssociation" directorySegmentName="seg_0" id="0181E7AE-1A57-2A01-F038-40293F71F754" containerWithKeyObject="BCA34E16-A43D-A16D-4041-1F48F8C0B834" localFKIndex="4906F1BE-7E23-1FFE-DA68-6690B737D732" name="truck_job">
<createdBy>aliciang</createdBy>
<createdTime>2022-09-12 06:53:11 UTC</createdTime>
<generatorID>BF0FE013-BD54-0AB7-DB72-82E3FFEBE3B7</generatorID>
<ownerDesignName>monh_oraclemodel</ownerDesignName>
<referredTableLongName>TRUCK</referredTableLongName>
<deleteRule>NO ACTION</deleteRule>
<referredTableID>9688FF87-5BED-3DDE-E896-188B677FE461</referredTableID>
<keyObject>43A6F804-1B20-CF63-715E-682BC535E1F6</keyObject>
<referredKeyID>43A6F804-1B20-CF63-715E-682BC535E1F6</referredKeyID>
<mandatory>true</mandatory>
<refColNames>truck_vehicle_id_no</refColNames>
<transferable>true</transferable>
<rely>false</rely>
<columnDependencyConstraintGenerateInDDL>true</columnDependencyConstraintGenerateInDDL>
</FKIndexAssociation>
