<?xml version = '1.0' encoding = 'UTF-8'?>
<FKIndexAssociation class="oracle.dbtools.crest.model.design.relational.FKIndexAssociation" directorySegmentName="seg_0" id="122950E2-D54B-678B-EFAB-47300AFECC9A" containerWithKeyObject="BCA34E16-A43D-A16D-4041-1F48F8C0B834" localFKIndex="4FB30378-2725-0FAD-B7EC-22940F6031EE" name="job_employee_mechanic">
<createdBy>aliciang</createdBy>
<createdTime>2022-09-12 06:53:11 UTC</createdTime>
<generatorID>9E7FFDE5-D2AF-80CB-8969-CD666112DD48</generatorID>
<ownerDesignName>monh_oraclemodel</ownerDesignName>
<referredTableLongName>EMPLOYEE</referredTableLongName>
<deleteRule>NO ACTION</deleteRule>
<referredTableID>8D4AB86B-517F-AF38-1DC9-03500EF69636</referredTableID>
<keyObject>D9699D3E-0BD9-CE19-C941-9236DA683040</keyObject>
<referredKeyID>D9699D3E-0BD9-CE19-C941-9236DA683040</referredKeyID>
<mandatory>true</mandatory>
<refColNames>emp_no</refColNames>
<transferable>true</transferable>
<rely>false</rely>
<columnDependencyConstraintGenerateInDDL>true</columnDependencyConstraintGenerateInDDL>
</FKIndexAssociation>
