<?xml version = '1.0' encoding = 'UTF-8'?>
<FKIndexAssociation class="oracle.dbtools.crest.model.design.relational.FKIndexAssociation" directorySegmentName="seg_0" id="19CDB489-D546-5E43-D076-D5BE8AF98318" containerWithKeyObject="E64F39A5-DD6A-4952-E03D-2F3B15B1C449" localFKIndex="3708D475-90D6-0A43-C6D4-6303947A065F" name="quote_quote_purpose">
<createdBy>aliciang</createdBy>
<createdTime>2022-09-12 06:53:11 UTC</createdTime>
<generatorID>6F7F1E90-27EE-C17A-A6DC-20B975301532</generatorID>
<ownerDesignName>monh_oraclemodel</ownerDesignName>
<referredTableLongName>QUOTE_PURPOSE</referredTableLongName>
<deleteRule>NO ACTION</deleteRule>
<referredTableID>FCC05448-CE6E-ACBF-15C6-08951100EF29</referredTableID>
<keyObject>3D46CBA6-9C9D-E491-1777-B91B4F407311</keyObject>
<referredKeyID>3D46CBA6-9C9D-E491-1777-B91B4F407311</referredKeyID>
<mandatory>true</mandatory>
<refColNames>quote_purpose_no</refColNames>
<transferable>true</transferable>
<rely>false</rely>
<columnDependencyConstraintGenerateInDDL>true</columnDependencyConstraintGenerateInDDL>
</FKIndexAssociation>
