<?xml version = '1.0' encoding = 'UTF-8'?>
<FKIndexAssociation class="oracle.dbtools.crest.model.design.relational.FKIndexAssociation" directorySegmentName="seg_0" id="45C96F65-7F71-04D1-4730-AFE365CCB20A" containerWithKeyObject="BCA34E16-A43D-A16D-4041-1F48F8C0B834" localFKIndex="1B1DA42B-A2AB-69C8-DAC9-06C584DD578F" name="job_quote">
<createdBy>aliciang</createdBy>
<createdTime>2022-09-12 06:53:11 UTC</createdTime>
<generatorID>705826D7-7E47-2B02-CECC-24A7A63EA952</generatorID>
<ownerDesignName>monh_oraclemodel</ownerDesignName>
<referredTableLongName>QUOTE</referredTableLongName>
<deleteRule>NO ACTION</deleteRule>
<referredTableID>E64F39A5-DD6A-4952-E03D-2F3B15B1C449</referredTableID>
<keyObject>5979D36D-883F-7AC3-0BAB-E38BBBC93AA3</keyObject>
<referredKeyID>5979D36D-883F-7AC3-0BAB-E38BBBC93AA3</referredKeyID>
<mandatory>true</mandatory>
<refColNames>quote_no</refColNames>
<transferable>true</transferable>
<rely>false</rely>
<columnDependencyConstraintGenerateInDDL>true</columnDependencyConstraintGenerateInDDL>
</FKIndexAssociation>
