<?xml version = '1.0' encoding = 'UTF-8'?>
<FKIndexAssociation class="oracle.dbtools.crest.model.design.relational.FKIndexAssociation" directorySegmentName="seg_0" id="4DF03CFE-4A1A-EB38-B386-3D44BDCEC938" containerWithKeyObject="E2866834-C2A0-78C7-0A99-6425C47EAA0E" localFKIndex="537C37D5-4424-4860-B422-B62E821FDE8E" name="trailer_type_trailer_class">
<createdBy>aliciang</createdBy>
<createdTime>2022-09-12 06:53:11 UTC</createdTime>
<generatorID>CD5C4407-63F6-83EB-1D2F-F75F07482078</generatorID>
<ownerDesignName>monh_oraclemodel</ownerDesignName>
<referredTableLongName>TRAILER_CLASS</referredTableLongName>
<deleteRule>NO ACTION</deleteRule>
<referredTableID>8244ECBF-3BCA-B4DE-62C8-1A05EB7AA665</referredTableID>
<keyObject>CD320570-BD94-452D-EB0F-E3A6BEC2AC1F</keyObject>
<referredKeyID>CD320570-BD94-452D-EB0F-E3A6BEC2AC1F</referredKeyID>
<mandatory>true</mandatory>
<refColNames>trailer_class_no</refColNames>
<transferable>true</transferable>
<rely>false</rely>
<columnDependencyConstraintGenerateInDDL>true</columnDependencyConstraintGenerateInDDL>
</FKIndexAssociation>
