<?xml version = '1.0' encoding = 'UTF-8'?>
<FKIndexAssociation class="oracle.dbtools.crest.model.design.relational.FKIndexAssociation" directorySegmentName="seg_0" id="50B9A520-9B64-8429-E19A-61DAEE8DED88" containerWithKeyObject="3EBCE869-09C4-B761-4F32-CD637BC13172" localFKIndex="962B5AF7-8945-6FF5-1E0C-09DA30EF81FE" name="quote_purpose_quote_combo">
<createdBy>sunny</createdBy>
<createdTime>2022-09-13 03:46:18 UTC</createdTime>
<generatorID>5A6A0A76-03DD-39CC-E8BE-1CFFCBDE98C6</generatorID>
<ownerDesignName>monh_oraclemodel</ownerDesignName>
<referredTableLongName>QUOTE_PURPOSE</referredTableLongName>
<deleteRule>NO ACTION</deleteRule>
<referredTableID>FCC05448-CE6E-ACBF-15C6-08951100EF29</referredTableID>
<keyObject>3D46CBA6-9C9D-E491-1777-B91B4F407311</keyObject>
<referredKeyID>3D46CBA6-9C9D-E491-1777-B91B4F407311</referredKeyID>
<mandatory>true</mandatory>
<refColNames>quote_purpose_no</refColNames>
<transferable>true</transferable>
<rely>false</rely>
<columnDependencyConstraintGenerateInDDL>true</columnDependencyConstraintGenerateInDDL>
</FKIndexAssociation>
