<?xml version = '1.0' encoding = 'UTF-8'?>
<FKIndexAssociation class="oracle.dbtools.crest.model.design.relational.FKIndexAssociation" directorySegmentName="seg_0" id="5308E121-5E74-5C11-48F3-5B621D1CDAB4" containerWithKeyObject="9688FF87-5BED-3DDE-E896-188B677FE461" localFKIndex="AADE3C5F-B4BC-B67B-A87E-BEC76CD9622F" name="truck_truck_type">
<createdBy>aliciang</createdBy>
<createdTime>2022-09-12 06:53:11 UTC</createdTime>
<generatorID>2B3F42BA-7245-F8D0-6312-A6C2450489CA</generatorID>
<ownerDesignName>monh_oraclemodel</ownerDesignName>
<referredTableLongName>TRUCK_TYPE</referredTableLongName>
<deleteRule>NO ACTION</deleteRule>
<referredTableID>A7079E0B-C7C3-70DE-9254-ADD360F7F8EE</referredTableID>
<keyObject>A6FB2409-07F9-616D-0DB0-33D16F97781F</keyObject>
<referredKeyID>A6FB2409-07F9-616D-0DB0-33D16F97781F</referredKeyID>
<mandatory>true</mandatory>
<refColNames>truck_type_make,truck_type_model</refColNames>
<transferable>true</transferable>
<rely>false</rely>
<columnDependencyConstraintGenerateInDDL>true</columnDependencyConstraintGenerateInDDL>
</FKIndexAssociation>
