<?xml version = '1.0' encoding = 'UTF-8'?>
<FKIndexAssociation class="oracle.dbtools.crest.model.design.relational.FKIndexAssociation" directorySegmentName="seg_0" id="55094C07-8C79-2202-0D1E-0A2DB76D2D5D" containerWithKeyObject="8D4AB86B-517F-AF38-1DC9-03500EF69636" localFKIndex="608C3E68-EAC9-74EB-392C-6ACB9C371FDA" name="employee_truck_class">
<createdBy>aliciang</createdBy>
<createdTime>2022-09-12 06:53:11 UTC</createdTime>
<generatorID>22B762B7-F8BC-0747-5199-B6A61B69FBB8</generatorID>
<ownerDesignName>monh_oraclemodel</ownerDesignName>
<referredTableLongName>TRUCK_CLASS</referredTableLongName>
<deleteRule>NO ACTION</deleteRule>
<referredTableID>F04850EE-DD39-F1AD-78A7-E1EC1CB6E581</referredTableID>
<keyObject>8E11000B-87BC-0A31-5E71-D24CAE0EF2C7</keyObject>
<referredKeyID>8E11000B-87BC-0A31-5E71-D24CAE0EF2C7</referredKeyID>
<mandatory>false</mandatory>
<refColNames>truck_class_no</refColNames>
<transferable>true</transferable>
<rely>false</rely>
<columnDependencyConstraintGenerateInDDL>true</columnDependencyConstraintGenerateInDDL>
</FKIndexAssociation>
