<?xml version = '1.0' encoding = 'UTF-8'?>
<FKIndexAssociation class="oracle.dbtools.crest.model.design.relational.FKIndexAssociation" directorySegmentName="seg_0" id="5D2E6F96-64ED-9D56-124B-DB6DCB64614E" containerWithKeyObject="8D4AB86B-517F-AF38-1DC9-03500EF69636" localFKIndex="373B1EDB-A46C-3115-9D6C-C37AB29417EA" name="employee_manager">
<createdBy>aliciang</createdBy>
<createdTime>2022-09-12 06:53:11 UTC</createdTime>
<generatorID>CA8CD46D-8EDB-B2EC-39EC-114A1EFB3E01</generatorID>
<ownerDesignName>monh_oraclemodel</ownerDesignName>
<referredTableLongName>EMPLOYEE</referredTableLongName>
<deleteRule>NO ACTION</deleteRule>
<referredTableID>8D4AB86B-517F-AF38-1DC9-03500EF69636</referredTableID>
<keyObject>D9699D3E-0BD9-CE19-C941-9236DA683040</keyObject>
<referredKeyID>D9699D3E-0BD9-CE19-C941-9236DA683040</referredKeyID>
<mandatory>false</mandatory>
<refColNames>emp_no</refColNames>
<transferable>true</transferable>
<rely>false</rely>
<columnDependencyConstraintGenerateInDDL>true</columnDependencyConstraintGenerateInDDL>
</FKIndexAssociation>
