<?xml version = '1.0' encoding = 'UTF-8'?>
<FKIndexAssociation class="oracle.dbtools.crest.model.design.relational.FKIndexAssociation" directorySegmentName="seg_0" id="706A0F26-B235-2207-29DA-F6273E476DAC" containerWithKeyObject="3EBCE869-09C4-B761-4F32-CD637BC13172" localFKIndex="6307B5BB-D7CB-F6D7-642D-8CFAE3208FBF" name="combo_quote_combo">
<createdBy>sunny</createdBy>
<createdTime>2022-09-13 03:46:18 UTC</createdTime>
<generatorID>9CD767C6-7793-75E0-3A9A-6DD651D5338D</generatorID>
<ownerDesignName>monh_oraclemodel</ownerDesignName>
<referredTableLongName>COMBO</referredTableLongName>
<deleteRule>NO ACTION</deleteRule>
<referredTableID>E63A0636-33B2-EEDF-351C-168BB35149A8</referredTableID>
<keyObject>F2F07965-36DB-EAD8-22B6-5A15588A0203</keyObject>
<referredKeyID>F2F07965-36DB-EAD8-22B6-5A15588A0203</referredKeyID>
<mandatory>true</mandatory>
<refColNames>combo_code</refColNames>
<transferable>true</transferable>
<rely>false</rely>
<columnDependencyConstraintGenerateInDDL>true</columnDependencyConstraintGenerateInDDL>
</FKIndexAssociation>
