<?xml version = '1.0' encoding = 'UTF-8'?>
<FKIndexAssociation class="oracle.dbtools.crest.model.design.relational.FKIndexAssociation" directorySegmentName="seg_0" id="7485C444-48C8-2AF1-D6E6-A10C7C1D619F" containerWithKeyObject="BCA34E16-A43D-A16D-4041-1F48F8C0B834" localFKIndex="23D34363-4ABA-28FD-3DBF-BD6FAB9856CB" name="job_employee_clerk">
<createdBy>aliciang</createdBy>
<createdTime>2022-09-12 06:53:11 UTC</createdTime>
<generatorID>17990B29-D633-A78D-FD24-6F021B9628FF</generatorID>
<ownerDesignName>monh_oraclemodel</ownerDesignName>
<referredTableLongName>EMPLOYEE</referredTableLongName>
<deleteRule>NO ACTION</deleteRule>
<referredTableID>8D4AB86B-517F-AF38-1DC9-03500EF69636</referredTableID>
<keyObject>D9699D3E-0BD9-CE19-C941-9236DA683040</keyObject>
<referredKeyID>D9699D3E-0BD9-CE19-C941-9236DA683040</referredKeyID>
<mandatory>true</mandatory>
<refColNames>emp_no</refColNames>
<transferable>true</transferable>
<rely>false</rely>
<columnDependencyConstraintGenerateInDDL>true</columnDependencyConstraintGenerateInDDL>
</FKIndexAssociation>
