<?xml version = '1.0' encoding = 'UTF-8'?>
<FKIndexAssociation class="oracle.dbtools.crest.model.design.relational.FKIndexAssociation" directorySegmentName="seg_0" id="76EE0F07-8A5F-5FD9-A3C4-1B117A48C19C" containerWithKeyObject="E63A0636-33B2-EEDF-351C-168BB35149A8" localFKIndex="103F34A3-73A4-49F1-8D85-D55DFD41D23B" name="quote_purpose_combo">
<createdBy>aliciang</createdBy>
<createdTime>2022-09-12 06:53:11 UTC</createdTime>
<generatorID>9D61789D-4F70-9B73-A33E-76D54A4FFE25</generatorID>
<ownerDesignName>monh_oraclemodel</ownerDesignName>
<referredTableLongName>QUOTE_PURPOSE</referredTableLongName>
<deleteRule>NO ACTION</deleteRule>
<referredTableID>FCC05448-CE6E-ACBF-15C6-08951100EF29</referredTableID>
<keyObject>3D46CBA6-9C9D-E491-1777-B91B4F407311</keyObject>
<referredKeyID>3D46CBA6-9C9D-E491-1777-B91B4F407311</referredKeyID>
<mandatory>true</mandatory>
<refColNames>quote_purpose_no</refColNames>
<transferable>true</transferable>
<rely>false</rely>
<columnDependencyConstraintGenerateInDDL>true</columnDependencyConstraintGenerateInDDL>
</FKIndexAssociation>
