<?xml version = '1.0' encoding = 'UTF-8'?>
<FKIndexAssociation class="oracle.dbtools.crest.model.design.relational.FKIndexAssociation" directorySegmentName="seg_0" id="79279806-455A-E96D-A89C-58F4B70D0D1C" containerWithKeyObject="E64F39A5-DD6A-4952-E03D-2F3B15B1C449" localFKIndex="3A47B4CA-37FC-A093-0F11-DE9112056843" name="quote_customer">
<createdBy>aliciang</createdBy>
<createdTime>2022-09-12 06:53:11 UTC</createdTime>
<generatorID>FBA87E4E-60B9-DCC0-5F87-1092E47373E7</generatorID>
<ownerDesignName>monh_oraclemodel</ownerDesignName>
<referredTableLongName>CUSTOMER</referredTableLongName>
<deleteRule>NO ACTION</deleteRule>
<referredTableID>7DBF25FF-A7F3-0FE8-F7A0-D042F026BAB1</referredTableID>
<keyObject>C894DFB7-7F57-25BE-D114-0178C6FD23DA</keyObject>
<referredKeyID>C894DFB7-7F57-25BE-D114-0178C6FD23DA</referredKeyID>
<mandatory>true</mandatory>
<refColNames>cust_no</refColNames>
<transferable>true</transferable>
<rely>false</rely>
<columnDependencyConstraintGenerateInDDL>true</columnDependencyConstraintGenerateInDDL>
</FKIndexAssociation>
