<?xml version = '1.0' encoding = 'UTF-8'?>
<FKIndexAssociation class="oracle.dbtools.crest.model.design.relational.FKIndexAssociation" directorySegmentName="seg_0" id="8E8B6EE9-23A3-AD46-12AA-C1004A229061" containerWithKeyObject="E63A0636-33B2-EEDF-351C-168BB35149A8" localFKIndex="04E75820-B178-FB4D-19B6-DCC82B2A88E1" name="combo_truck">
<createdBy>sunny</createdBy>
<createdTime>2022-09-13 03:46:18 UTC</createdTime>
<generatorID>8AE48F37-023E-A2D5-EEE2-5C00361FE1B1</generatorID>
<ownerDesignName>monh_oraclemodel</ownerDesignName>
<referredTableLongName>TRUCK</referredTableLongName>
<deleteRule>NO ACTION</deleteRule>
<referredTableID>9688FF87-5BED-3DDE-E896-188B677FE461</referredTableID>
<keyObject>43A6F804-1B20-CF63-715E-682BC535E1F6</keyObject>
<referredKeyID>43A6F804-1B20-CF63-715E-682BC535E1F6</referredKeyID>
<mandatory>true</mandatory>
<refColNames>truck_vehicle_id_no</refColNames>
<transferable>true</transferable>
<rely>false</rely>
<columnDependencyConstraintGenerateInDDL>true</columnDependencyConstraintGenerateInDDL>
</FKIndexAssociation>
