<?xml version = '1.0' encoding = 'UTF-8'?>
<FKIndexAssociation class="oracle.dbtools.crest.model.design.relational.FKIndexAssociation" directorySegmentName="seg_0" id="CB389774-EEB4-0F70-0AA4-4D0410B58520" containerWithKeyObject="BCA34E16-A43D-A16D-4041-1F48F8C0B834" localFKIndex="44D9EFCD-62BE-F8C5-E418-2AE7641FBE7D" name="trailer_job">
<createdBy>aliciang</createdBy>
<createdTime>2022-09-12 06:53:11 UTC</createdTime>
<generatorID>81229D5B-CC9E-5597-85BF-62DE9F91241B</generatorID>
<ownerDesignName>monh_oraclemodel</ownerDesignName>
<referredTableLongName>TRAILER</referredTableLongName>
<deleteRule>NO ACTION</deleteRule>
<referredTableID>C06A13A1-A784-04A3-CF5D-BFF687804DF2</referredTableID>
<keyObject>DDE493F9-28A2-6471-A773-7626A15276B3</keyObject>
<referredKeyID>DDE493F9-28A2-6471-A773-7626A15276B3</referredKeyID>
<mandatory>true</mandatory>
<refColNames>trailer_id_code</refColNames>
<transferable>true</transferable>
<rely>false</rely>
<columnDependencyConstraintGenerateInDDL>true</columnDependencyConstraintGenerateInDDL>
</FKIndexAssociation>
