<?xml version = '1.0' encoding = 'UTF-8'?>
<FKIndexAssociation class="oracle.dbtools.crest.model.design.relational.FKIndexAssociation" directorySegmentName="seg_0" id="CFFA5FD7-C670-EB03-3052-B6B37094C2F0" containerWithKeyObject="A7079E0B-C7C3-70DE-9254-ADD360F7F8EE" localFKIndex="96E5BC32-CDAA-A8ED-75CE-35FC8EA964AB" name="truck_type_truck_class">
<createdBy>aliciang</createdBy>
<createdTime>2022-09-12 06:53:11 UTC</createdTime>
<generatorID>07126CF0-9C36-F827-77E1-E0845663DCE6</generatorID>
<ownerDesignName>monh_oraclemodel</ownerDesignName>
<referredTableLongName>TRUCK_CLASS</referredTableLongName>
<deleteRule>NO ACTION</deleteRule>
<referredTableID>F04850EE-DD39-F1AD-78A7-E1EC1CB6E581</referredTableID>
<keyObject>8E11000B-87BC-0A31-5E71-D24CAE0EF2C7</keyObject>
<referredKeyID>8E11000B-87BC-0A31-5E71-D24CAE0EF2C7</referredKeyID>
<mandatory>true</mandatory>
<refColNames>truck_class_no</refColNames>
<transferable>true</transferable>
<rely>false</rely>
<columnDependencyConstraintGenerateInDDL>true</columnDependencyConstraintGenerateInDDL>
</FKIndexAssociation>
