<?xml version = '1.0' encoding = 'UTF-8'?>
<FKIndexAssociation class="oracle.dbtools.crest.model.design.relational.FKIndexAssociation" directorySegmentName="seg_0" id="D38C9E77-DAB0-FADC-558E-5391DD05EA19" containerWithKeyObject="C06A13A1-A784-04A3-CF5D-BFF687804DF2" localFKIndex="C6443F60-E49D-5A66-C380-23E810D0DF34" name="trailer_trailer_type">
<createdBy>aliciang</createdBy>
<createdTime>2022-09-12 06:53:11 UTC</createdTime>
<generatorID>CC087D3D-ED35-844C-C433-9BBC74264DDE</generatorID>
<ownerDesignName>monh_oraclemodel</ownerDesignName>
<referredTableLongName>TRAILER_TYPE</referredTableLongName>
<deleteRule>NO ACTION</deleteRule>
<referredTableID>E2866834-C2A0-78C7-0A99-6425C47EAA0E</referredTableID>
<keyObject>D03E7542-D3B3-FD38-BB98-8EC7A3990353</keyObject>
<referredKeyID>D03E7542-D3B3-FD38-BB98-8EC7A3990353</referredKeyID>
<mandatory>true</mandatory>
<refColNames>trailer_type_manufacturer,trailer_type_model</refColNames>
<transferable>true</transferable>
<rely>false</rely>
<columnDependencyConstraintGenerateInDDL>true</columnDependencyConstraintGenerateInDDL>
</FKIndexAssociation>
