<?xml version = '1.0' encoding = 'UTF-8'?>
<FKIndexAssociation class="oracle.dbtools.crest.model.design.relational.FKIndexAssociation" directorySegmentName="seg_0" id="D86FC418-EE9E-FA0E-FEA0-451C5E8E41B5" containerWithKeyObject="E63A0636-33B2-EEDF-351C-168BB35149A8" localFKIndex="BB2C680B-9956-0033-E9F0-696A502AE817" name="combo_trailer">
<createdBy>sunny</createdBy>
<createdTime>2022-09-13 03:46:18 UTC</createdTime>
<generatorID>7E1A8013-67E1-2FD5-A489-4C95F90905ED</generatorID>
<ownerDesignName>monh_oraclemodel</ownerDesignName>
<referredTableLongName>TRAILER</referredTableLongName>
<deleteRule>NO ACTION</deleteRule>
<referredTableID>C06A13A1-A784-04A3-CF5D-BFF687804DF2</referredTableID>
<keyObject>DDE493F9-28A2-6471-A773-7626A15276B3</keyObject>
<referredKeyID>DDE493F9-28A2-6471-A773-7626A15276B3</referredKeyID>
<mandatory>true</mandatory>
<refColNames>trailer_id_code</refColNames>
<transferable>true</transferable>
<rely>false</rely>
<columnDependencyConstraintGenerateInDDL>true</columnDependencyConstraintGenerateInDDL>
</FKIndexAssociation>
