<?xml version = '1.0' encoding = 'UTF-8'?>
<FKIndexAssociation class="oracle.dbtools.crest.model.design.relational.FKIndexAssociation" directorySegmentName="seg_0" id="ECFBA69E-9C55-DEC7-829B-C5A07C0F6436" containerWithKeyObject="BCA34E16-A43D-A16D-4041-1F48F8C0B834" localFKIndex="AFD2B90F-7AF4-4739-3257-A81C9740E159" name="job_employee_driver">
<createdBy>aliciang</createdBy>
<createdTime>2022-09-12 06:53:11 UTC</createdTime>
<generatorID>4D8D887E-B5DB-8CE0-A7A2-7175A48E9F97</generatorID>
<ownerDesignName>monh_oraclemodel</ownerDesignName>
<referredTableLongName>EMPLOYEE</referredTableLongName>
<deleteRule>NO ACTION</deleteRule>
<referredTableID>8D4AB86B-517F-AF38-1DC9-03500EF69636</referredTableID>
<keyObject>D9699D3E-0BD9-CE19-C941-9236DA683040</keyObject>
<referredKeyID>D9699D3E-0BD9-CE19-C941-9236DA683040</referredKeyID>
<mandatory>true</mandatory>
<refColNames>emp_no</refColNames>
<transferable>true</transferable>
<rely>false</rely>
<columnDependencyConstraintGenerateInDDL>true</columnDependencyConstraintGenerateInDDL>
</FKIndexAssociation>
