<?xml version = '1.0' encoding = 'UTF-8'?>
<FKIndexAssociation class="oracle.dbtools.crest.model.design.relational.FKIndexAssociation" directorySegmentName="seg_0" id="FAECADD4-1770-E0AA-83DF-8E97FE1A1238" containerWithKeyObject="BCA34E16-A43D-A16D-4041-1F48F8C0B834" localFKIndex="FFFAA18D-5F63-DC42-CBAB-636FD9651623" name="Relation_28">
<createdBy>sunny</createdBy>
<createdTime>2022-09-13 03:46:18 UTC</createdTime>
<generatorID>EF8B82B5-813E-F9C3-5B78-ADD87F074CFF</generatorID>
<ownerDesignName>monh_oraclemodel</ownerDesignName>
<referredTableLongName>COMBO</referredTableLongName>
<deleteRule>NO ACTION</deleteRule>
<referredTableID>E63A0636-33B2-EEDF-351C-168BB35149A8</referredTableID>
<keyObject>F2F07965-36DB-EAD8-22B6-5A15588A0203</keyObject>
<referredKeyID>F2F07965-36DB-EAD8-22B6-5A15588A0203</referredKeyID>
<mandatory>true</mandatory>
<refColNames>combo_code</refColNames>
<transferable>true</transferable>
<rely>false</rely>
<columnDependencyConstraintGenerateInDDL>true</columnDependencyConstraintGenerateInDDL>
</FKIndexAssociation>
