<?xml version = '1.0' encoding = 'UTF-8'?>
<Relation class="oracle.dbtools.crest.model.design.logical.Relation" name="truck_type_truck_class" directorySegmentName="seg_0" id="07126CF0-9C36-F827-77E1-E0845663DCE6">
<createdBy>thong</createdBy>
<createdTime>2022-09-12 03:42:57 UTC</createdTime>
<ownerDesignName>monh_oraclemodel</ownerDesignName>
<engineerTo>
<item key="1162F746-1B36-7F67-C683-D4D9104FB559" value="true"/>
</engineerTo>
<sourcePk>2F26385E-F8FC-3A29-A044-6A396747736B</sourcePk>
<targetPk>FE933915-B16E-A01E-F460-5690BC5D1934</targetPk>
<identifying>false</identifying>
<nameOnSource>is of</nameOnSource>
<nameOnTarget> </nameOnTarget>
<optionalSource>false</optionalSource>
<optionalTarget>false</optionalTarget>
<sourceCardinality>1</sourceCardinality>
<sourceEntity>2E093245-B5B9-BAF5-1A0D-0F9A5CBB9107</sourceEntity>
<targetCardinalityString>*</targetCardinalityString>
<targetEntity>37F7C7B9-9226-83AD-BDDF-EF27A29728B0</targetEntity>
<transferable>true</transferable>
<deleteRule>NO ACTION</deleteRule>
</Relation>
