<?xml version = '1.0' encoding = 'UTF-8'?>
<Relation class="oracle.dbtools.crest.model.design.logical.Relation" name="employee_truck_class" directorySegmentName="seg_0" id="22B762B7-F8BC-0747-5199-B6A61B69FBB8">
<createdBy>aliciang</createdBy>
<createdTime>2022-09-12 06:33:48 UTC</createdTime>
<ownerDesignName>monh_oraclemodel</ownerDesignName>
<engineerTo>
<item key="1162F746-1B36-7F67-C683-D4D9104FB559" value="true"/>
</engineerTo>
<sourcePk>E462556D-D71E-FD1D-48F5-2D7E2CF80146</sourcePk>
<targetPk>2F26385E-F8FC-3A29-A044-6A396747736B</targetPk>
<identifying>false</identifying>
<nameOnSource> </nameOnSource>
<nameOnTarget>has driven highest </nameOnTarget>
<optionalSource>true</optionalSource>
<optionalTarget>true</optionalTarget>
<sourceCardinality>*</sourceCardinality>
<sourceEntity>CA9EE839-400A-15DD-B04C-5DAAE44BABA6</sourceEntity>
<targetCardinalityString>1</targetCardinalityString>
<targetEntity>2E093245-B5B9-BAF5-1A0D-0F9A5CBB9107</targetEntity>
<transferable>true</transferable>
<deleteRule>NO ACTION</deleteRule>
</Relation>
