<?xml version = '1.0' encoding = 'UTF-8'?>
<Relation class="oracle.dbtools.crest.model.design.logical.Relation" name="truck_truck_type" directorySegmentName="seg_0" id="2B3F42BA-7245-F8D0-6312-A6C2450489CA">
<createdBy>thong</createdBy>
<createdTime>2022-09-12 03:40:11 UTC</createdTime>
<ownerDesignName>monh_oraclemodel</ownerDesignName>
<engineerTo>
<item key="1162F746-1B36-7F67-C683-D4D9104FB559" value="true"/>
</engineerTo>
<sourcePk>FE933915-B16E-A01E-F460-5690BC5D1934</sourcePk>
<identifying>false</identifying>
<nameOnSource>is of</nameOnSource>
<nameOnTarget> </nameOnTarget>
<optionalSource>false</optionalSource>
<optionalTarget>false</optionalTarget>
<sourceCardinality>1</sourceCardinality>
<sourceEntity>37F7C7B9-9226-83AD-BDDF-EF27A29728B0</sourceEntity>
<targetCardinalityString>*</targetCardinalityString>
<targetEntity>2BEB8F55-BE19-2449-F899-5FA9ABB2DE37</targetEntity>
<transferable>true</transferable>
<deleteRule>NO ACTION</deleteRule>
</Relation>
