<?xml version = '1.0' encoding = 'UTF-8'?>
<Relation class="oracle.dbtools.crest.model.design.logical.Relation" name="quote_purpose_quote_combo" directorySegmentName="seg_0" id="5A6A0A76-03DD-39CC-E8BE-1CFFCBDE98C6">
<createdBy>sunny</createdBy>
<createdTime>2022-09-13 03:37:15 UTC</createdTime>
<ownerDesignName>monh_oraclemodel</ownerDesignName>
<engineerTo>
<item key="1162F746-1B36-7F67-C683-D4D9104FB559" value="true"/>
</engineerTo>
<sourcePk>AAB084CD-68D1-E3FE-1242-4683CF35F40D</sourcePk>
<identifying>false</identifying>
<nameOnSource>has</nameOnSource>
<nameOnTarget> </nameOnTarget>
<optionalSource>false</optionalSource>
<optionalTarget>false</optionalTarget>
<sourceCardinality>1</sourceCardinality>
<sourceEntity>C631BC22-2E88-AD77-0647-D8C720F4F229</sourceEntity>
<targetCardinalityString>*</targetCardinalityString>
<targetEntity>5BD00D5C-9A5B-9A57-F129-37347AE7E45E</targetEntity>
<transferable>true</transferable>
<deleteRule>NO ACTION</deleteRule>
</Relation>
