<?xml version = '1.0' encoding = 'UTF-8'?>
<Relation class="oracle.dbtools.crest.model.design.logical.Relation" name="quote_quote_purpose" directorySegmentName="seg_0" id="6F7F1E90-27EE-C17A-A6DC-20B975301532">
<createdBy>aliciang</createdBy>
<createdTime>2022-09-12 05:58:35 UTC</createdTime>
<ownerDesignName>monh_oraclemodel</ownerDesignName>
<engineerTo>
<item key="1162F746-1B36-7F67-C683-D4D9104FB559" value="true"/>
</engineerTo>
<sourcePk>AAB084CD-68D1-E3FE-1242-4683CF35F40D</sourcePk>
<identifying>false</identifying>
<nameOnSource>has</nameOnSource>
<nameOnTarget> </nameOnTarget>
<optionalSource>false</optionalSource>
<optionalTarget>false</optionalTarget>
<sourceCardinality>1</sourceCardinality>
<sourceEntity>C631BC22-2E88-AD77-0647-D8C720F4F229</sourceEntity>
<targetCardinalityString>*</targetCardinalityString>
<targetEntity>EFCAC68D-4B36-835B-1FBE-9E019A0AED6C</targetEntity>
<transferable>true</transferable>
<deleteRule>NO ACTION</deleteRule>
</Relation>
