<?xml version = '1.0' encoding = 'UTF-8'?>
<Relation class="oracle.dbtools.crest.model.design.logical.Relation" name="job_quote" directorySegmentName="seg_0" id="705826D7-7E47-2B02-CECC-24A7A63EA952">
<createdBy>thong</createdBy>
<createdTime>2022-09-12 03:52:18 UTC</createdTime>
<ownerDesignName>monh_oraclemodel</ownerDesignName>
<engineerTo>
<item key="1162F746-1B36-7F67-C683-D4D9104FB559" value="true"/>
</engineerTo>
<sourcePk>9D750C63-2405-2803-13B3-558131071596</sourcePk>
<targetPk>3D097D6E-0942-84D7-A866-F4C884CFCD56</targetPk>
<identifying>false</identifying>
<nameOnSource>becomes</nameOnSource>
<nameOnTarget> </nameOnTarget>
<optionalSource>false</optionalSource>
<optionalTarget>true</optionalTarget>
<sourceCardinality>1</sourceCardinality>
<sourceEntity>0F4244EA-BD32-9B51-ACF7-61C4B09D125C</sourceEntity>
<targetCardinalityString>1</targetCardinalityString>
<targetEntity>EFCAC68D-4B36-835B-1FBE-9E019A0AED6C</targetEntity>
<transferable>true</transferable>
<deleteRule>NO ACTION</deleteRule>
</Relation>
