<?xml version = '1.0' encoding = 'UTF-8'?>
<Relation class="oracle.dbtools.crest.model.design.logical.Relation" name="combo_trailer" directorySegmentName="seg_0" id="7E1A8013-67E1-2FD5-A489-4C95F90905ED">
<createdBy>sunny</createdBy>
<createdTime>2022-09-12 14:31:13 UTC</createdTime>
<ownerDesignName>monh_oraclemodel</ownerDesignName>
<engineerTo>
<item key="1162F746-1B36-7F67-C683-D4D9104FB559" value="true"/>
</engineerTo>
<sourcePk>5A77E45A-4CB7-65F0-6E10-ACC68BB22AAD</sourcePk>
<identifying>false</identifying>
<nameOnSource>has</nameOnSource>
<nameOnTarget> </nameOnTarget>
<optionalSource>true</optionalSource>
<optionalTarget>false</optionalTarget>
<sourceCardinality>1</sourceCardinality>
<sourceEntity>2546B835-FF27-8C0A-548F-3D932FED0B8B</sourceEntity>
<targetCardinalityString>*</targetCardinalityString>
<targetEntity>6FA5149C-AD87-F66C-D7F8-D66D3C897631</targetEntity>
<transferable>true</transferable>
<deleteRule>NO ACTION</deleteRule>
</Relation>
