<?xml version = '1.0' encoding = 'UTF-8'?>
<Relation class="oracle.dbtools.crest.model.design.logical.Relation" name="combo_truck" directorySegmentName="seg_0" id="8AE48F37-023E-A2D5-EEE2-5C00361FE1B1">
<createdBy>sunny</createdBy>
<createdTime>2022-09-12 14:26:04 UTC</createdTime>
<ownerDesignName>monh_oraclemodel</ownerDesignName>
<engineerTo>
<item key="1162F746-1B36-7F67-C683-D4D9104FB559" value="true"/>
</engineerTo>
<sourcePk>8720F1E5-0970-134D-E9D1-A5F0697A474E</sourcePk>
<identifying>false</identifying>
<nameOnSource>has</nameOnSource>
<nameOnTarget> </nameOnTarget>
<optionalSource>true</optionalSource>
<optionalTarget>false</optionalTarget>
<sourceCardinality>1</sourceCardinality>
<sourceEntity>2BEB8F55-BE19-2449-F899-5FA9ABB2DE37</sourceEntity>
<targetCardinalityString>*</targetCardinalityString>
<targetEntity>6FA5149C-AD87-F66C-D7F8-D66D3C897631</targetEntity>
<transferable>true</transferable>
<deleteRule>NO ACTION</deleteRule>
</Relation>
