<?xml version = '1.0' encoding = 'UTF-8'?>
<Relation class="oracle.dbtools.crest.model.design.logical.Relation" name="combo_quote_combo" directorySegmentName="seg_0" id="9CD767C6-7793-75E0-3A9A-6DD651D5338D">
<createdBy>sunny</createdBy>
<createdTime>2022-09-13 03:34:07 UTC</createdTime>
<ownerDesignName>monh_oraclemodel</ownerDesignName>
<engineerTo>
<item key="1162F746-1B36-7F67-C683-D4D9104FB559" value="true"/>
</engineerTo>
<targetPk>45568939-410E-6BEE-88DC-9DB02272A2F4</targetPk>
<identifying>false</identifying>
<nameOnSource> </nameOnSource>
<nameOnTarget>has</nameOnTarget>
<optionalSource>false</optionalSource>
<optionalTarget>false</optionalTarget>
<sourceCardinality>*</sourceCardinality>
<sourceEntity>5BD00D5C-9A5B-9A57-F129-37347AE7E45E</sourceEntity>
<targetCardinalityString>1</targetCardinalityString>
<targetEntity>6FA5149C-AD87-F66C-D7F8-D66D3C897631</targetEntity>
<transferable>true</transferable>
<deleteRule>NO ACTION</deleteRule>
</Relation>
