<?xml version = '1.0' encoding = 'UTF-8'?>
<Relation class="oracle.dbtools.crest.model.design.logical.Relation" name="job_employee_mechanic" directorySegmentName="seg_0" id="9E7FFDE5-D2AF-80CB-8969-CD666112DD48">
<createdBy>thong</createdBy>
<createdTime>2022-09-12 04:18:03 UTC</createdTime>
<ownerDesignName>monh_oraclemodel</ownerDesignName>
<engineerTo>
<item key="1162F746-1B36-7F67-C683-D4D9104FB559" value="true"/>
</engineerTo>
<sourcePk>E462556D-D71E-FD1D-48F5-2D7E2CF80146</sourcePk>
<identifying>false</identifying>
<nameOnSource>certifies</nameOnSource>
<nameOnTarget> </nameOnTarget>
<optionalSource>true</optionalSource>
<optionalTarget>false</optionalTarget>
<sourceCardinality>1</sourceCardinality>
<sourceEntity>CA9EE839-400A-15DD-B04C-5DAAE44BABA6</sourceEntity>
<targetCardinalityString>*</targetCardinalityString>
<targetEntity>0F4244EA-BD32-9B51-ACF7-61C4B09D125C</targetEntity>
<transferable>true</transferable>
<deleteRule>NO ACTION</deleteRule>
</Relation>
