<?xml version = '1.0' encoding = 'UTF-8'?>
<Relation class="oracle.dbtools.crest.model.design.logical.Relation" name="employee_manager" directorySegmentName="seg_0" id="CA8CD46D-8EDB-B2EC-39EC-114A1EFB3E01">
<createdBy>aliciang</createdBy>
<createdTime>2022-09-12 06:31:31 UTC</createdTime>
<ownerDesignName>monh_oraclemodel</ownerDesignName>
<engineerTo>
<item key="1162F746-1B36-7F67-C683-D4D9104FB559" value="true"/>
</engineerTo>
<targetPk>E462556D-D71E-FD1D-48F5-2D7E2CF80146</targetPk>
<identifying>false</identifying>
<nameOnSource>manages</nameOnSource>
<nameOnTarget> </nameOnTarget>
<optionalSource>true</optionalSource>
<optionalTarget>true</optionalTarget>
<sourceCardinality>1</sourceCardinality>
<sourceEntity>CA9EE839-400A-15DD-B04C-5DAAE44BABA6</sourceEntity>
<targetCardinalityString>*</targetCardinalityString>
<targetEntity>CA9EE839-400A-15DD-B04C-5DAAE44BABA6</targetEntity>
<transferable>true</transferable>
<deleteRule>NO ACTION</deleteRule>
</Relation>
