<?xml version = '1.0' encoding = 'UTF-8'?>
<Relation class="oracle.dbtools.crest.model.design.logical.Relation" name="trailer_trailer_type" directorySegmentName="seg_0" id="CC087D3D-ED35-844C-C433-9BBC74264DDE">
<createdBy>thong</createdBy>
<createdTime>2022-09-12 03:46:33 UTC</createdTime>
<ownerDesignName>monh_oraclemodel</ownerDesignName>
<engineerTo>
<item key="1162F746-1B36-7F67-C683-D4D9104FB559" value="true"/>
</engineerTo>
<sourcePk>7718D90F-1E0B-4A04-8B26-EFD109F466D1</sourcePk>
<identifying>false</identifying>
<nameOnSource>is of</nameOnSource>
<nameOnTarget> </nameOnTarget>
<optionalSource>false</optionalSource>
<optionalTarget>false</optionalTarget>
<sourceCardinality>1</sourceCardinality>
<sourceEntity>02786C82-0F63-78D4-DCE2-C319ED74678F</sourceEntity>
<targetCardinalityString>*</targetCardinalityString>
<targetEntity>2546B835-FF27-8C0A-548F-3D932FED0B8B</targetEntity>
<transferable>true</transferable>
<deleteRule>NO ACTION</deleteRule>
</Relation>
