<?xml version = '1.0' encoding = 'UTF-8'?>
<Relation class="oracle.dbtools.crest.model.design.logical.Relation" name="trailer_type_trailer_class" directorySegmentName="seg_0" id="CD5C4407-63F6-83EB-1D2F-F75F07482078">
<createdBy>thong</createdBy>
<createdTime>2022-09-12 03:49:03 UTC</createdTime>
<ownerDesignName>monh_oraclemodel</ownerDesignName>
<engineerTo>
<item key="1162F746-1B36-7F67-C683-D4D9104FB559" value="true"/>
</engineerTo>
<sourcePk>46067333-A875-90A3-1701-A937357A1ADE</sourcePk>
<identifying>false</identifying>
<nameOnSource>is of</nameOnSource>
<nameOnTarget> </nameOnTarget>
<optionalSource>false</optionalSource>
<optionalTarget>false</optionalTarget>
<sourceCardinality>1</sourceCardinality>
<sourceEntity>0BB2177F-7684-711F-8963-C21D2B2A3EED</sourceEntity>
<targetCardinalityString>*</targetCardinalityString>
<targetEntity>02786C82-0F63-78D4-DCE2-C319ED74678F</targetEntity>
<transferable>true</transferable>
<deleteRule>NO ACTION</deleteRule>
</Relation>
