<?xml version = '1.0' encoding = 'UTF-8'?>
<Relation class="oracle.dbtools.crest.model.design.logical.Relation" name="Relation_28" directorySegmentName="seg_0" id="EF8B82B5-813E-F9C3-5B78-ADD87F074CFF">
<createdBy>sunny</createdBy>
<createdTime>2022-09-12 15:10:56 UTC</createdTime>
<ownerDesignName>monh_oraclemodel</ownerDesignName>
<engineerTo>
<item key="1162F746-1B36-7F67-C683-D4D9104FB559" value="true"/>
</engineerTo>
<sourcePk>45568939-410E-6BEE-88DC-9DB02272A2F4</sourcePk>
<identifying>false</identifying>
<nameOnSource>uses</nameOnSource>
<nameOnTarget> </nameOnTarget>
<optionalSource>true</optionalSource>
<optionalTarget>false</optionalTarget>
<sourceCardinality>1</sourceCardinality>
<sourceEntity>6FA5149C-AD87-F66C-D7F8-D66D3C897631</sourceEntity>
<targetCardinalityString>*</targetCardinalityString>
<targetEntity>0F4244EA-BD32-9B51-ACF7-61C4B09D125C</targetEntity>
<transferable>true</transferable>
<deleteRule>NO ACTION</deleteRule>
</Relation>
