<?xml version = '1.0' encoding = 'UTF-8'?>
<Relation class="oracle.dbtools.crest.model.design.logical.Relation" name="quote_customer" directorySegmentName="seg_0" id="FBA87E4E-60B9-DCC0-5F87-1092E47373E7">
<createdBy>thong</createdBy>
<createdTime>2022-09-12 03:53:10 UTC</createdTime>
<ownerDesignName>monh_oraclemodel</ownerDesignName>
<engineerTo>
<item key="1162F746-1B36-7F67-C683-D4D9104FB559" value="true"/>
</engineerTo>
<sourcePk>F0287AA8-932F-0A40-6BE5-63610686A337</sourcePk>
<identifying>false</identifying>
<nameOnSource> </nameOnSource>
<nameOnTarget>requests</nameOnTarget>
<optionalSource>false</optionalSource>
<optionalTarget>false</optionalTarget>
<sourceCardinality>1</sourceCardinality>
<sourceEntity>15CC82D8-58DB-6601-3E35-F1A8EEEFA11D</sourceEntity>
<targetCardinalityString>*</targetCardinalityString>
<targetEntity>EFCAC68D-4B36-835B-1FBE-9E019A0AED6C</targetEntity>
<transferable>true</transferable>
<deleteRule>NO ACTION</deleteRule>
</Relation>
