<?xml version = '1.0' encoding = 'UTF-8'?>
<Diagram class="oracle.dbtools.crest.swingui.logical.DPVLogical" name="Logical" id="00A1E669-0E26-D57F-4345-1B7BFBCE0020">
<createdBy>T01G07</createdBy>
<modifiedBy>T01G07</modifiedBy>
<createdTime>2022-09-09 07:20:08 UTC</createdTime>
<autoRoute>false</autoRoute>
<boxInbox>true</boxInbox>
<showLegend>true</showLegend>
<showLabels>true</showLabels>
<showRelAttributes>false</showRelAttributes>
<gridEnabled>false</gridEnabled>
<showGrid>false</showGrid>
<diagramColor>-1</diagramColor>
<display>false</display>
<notation>2</notation>
<showAllDetails>false</showAllDetails>
<showElements>true</showElements>
<objectViews>
<OView class="oracle.dbtools.crest.swingui.logical.TVEntity" oid="02786C82-0F63-78D4-DCE2-C319ED74678F" otype="Entity" vid="8D46160B-C80F-BA31-5713-D4A7B0A6AB74">
<hideElementsInCurrentOnly>false</hideElementsInCurrentOnly>
<bounds x="650" y="337" width="170" height="142"/>
</OView>
<OView class="oracle.dbtools.crest.swingui.logical.TVEntity" oid="0BB2177F-7684-711F-8963-C21D2B2A3EED" otype="Entity" vid="92150DC3-FBEA-CB99-2BF6-D4D0E5DBEC6E">
<hideElementsInCurrentOnly>false</hideElementsInCurrentOnly>
<bounds x="982" y="336" width="170" height="112"/>
</OView>
<OView class="oracle.dbtools.crest.swingui.logical.TVEntity" oid="0F4244EA-BD32-9B51-ACF7-61C4B09D125C" otype="Entity" vid="A85114EB-D024-A977-006A-73AC1EF48B9D">
<hideElementsInCurrentOnly>false</hideElementsInCurrentOnly>
<bounds x="315" y="531" width="174" height="219"/>
</OView>
<OView class="oracle.dbtools.crest.swingui.logical.TVEntity" oid="15CC82D8-58DB-6601-3E35-F1A8EEEFA11D" otype="Entity" vid="D9AF5452-98FD-BB11-7FA3-5F25995ABB06">
<hideElementsInCurrentOnly>false</hideElementsInCurrentOnly>
<bounds x="984" y="536" width="170" height="132"/>
</OView>
<OView class="oracle.dbtools.crest.swingui.logical.TVEntity" oid="2546B835-FF27-8C0A-548F-3D932FED0B8B" otype="Entity" vid="473DEFCF-3F5F-9F2D-5809-B49FD20184B9">
<hideElementsInCurrentOnly>false</hideElementsInCurrentOnly>
<bounds x="311" y="332" width="168" height="131"/>
</OView>
<OView class="oracle.dbtools.crest.swingui.logical.TVEntity" oid="2BEB8F55-BE19-2449-F899-5FA9ABB2DE37" otype="Entity" vid="36E4BB55-5718-D39D-82BE-1EA8DCBE97FC">
<hideElementsInCurrentOnly>false</hideElementsInCurrentOnly>
<bounds x="305" y="4" width="170" height="173"/>
</OView>
<OView class="oracle.dbtools.crest.swingui.logical.TVEntity" oid="2E093245-B5B9-BAF5-1A0D-0F9A5CBB9107" otype="Entity" vid="8815B8EF-6205-BCE1-21B4-3BF8FC04132F">
<hideElementsInCurrentOnly>false</hideElementsInCurrentOnly>
<bounds x="945" y="27" width="170" height="119"/>
</OView>
<OView class="oracle.dbtools.crest.swingui.logical.TVEntity" oid="37F7C7B9-9226-83AD-BDDF-EF27A29728B0" otype="Entity" vid="C9C3C340-C65E-B692-4150-2E541F116F1E">
<hideElementsInCurrentOnly>false</hideElementsInCurrentOnly>
<bounds x="652" y="19" width="170" height="115"/>
</OView>
<OView class="oracle.dbtools.crest.swingui.logical.TVEntity" oid="5BD00D5C-9A5B-9A57-F129-37347AE7E45E" otype="Entity" vid="A4C51E7A-B323-C97E-ECD8-282A98F478CC">
<hideElementsInCurrentOnly>false</hideElementsInCurrentOnly>
<bounds x="967" y="184" width="176" height="110"/>
</OView>
<OView class="oracle.dbtools.crest.swingui.TVLegend" oid="6A827262-00BC-ECAD-94A7-DF54652CD7B8" otype="Legend" vid="DB429A05-D115-378E-E474-3AC35C98EEA4">
<hideElementsInCurrentOnly>false</hideElementsInCurrentOnly>
<bounds x="10" y="10" width="232" height="135"/>
</OView>
<OView class="oracle.dbtools.crest.swingui.logical.TVEntity" oid="6FA5149C-AD87-F66C-D7F8-D66D3C897631" otype="Entity" vid="56B34E7B-D735-88C4-55A9-F9CFEE8DD2DA">
<hideElementsInCurrentOnly>false</hideElementsInCurrentOnly>
<bounds x="656" y="178" width="165" height="117"/>
</OView>
<OView class="oracle.dbtools.crest.swingui.logical.TVEntity" oid="C631BC22-2E88-AD77-0647-D8C720F4F229" otype="Entity" vid="51D5BE35-16D3-09DD-1C9B-CCEA49E998CD">
<hideElementsInCurrentOnly>false</hideElementsInCurrentOnly>
<bounds x="639" y="753" width="170" height="116"/>
</OView>
<OView class="oracle.dbtools.crest.swingui.logical.TVEntity" oid="CA9EE839-400A-15DD-B04C-5DAAE44BABA6" otype="Entity" vid="FFED981B-0247-0398-4EAC-A517F1C20DA1">
<hideElementsInCurrentOnly>false</hideElementsInCurrentOnly>
<bounds x="312" y="864" width="170" height="177"/>
</OView>
<OView class="oracle.dbtools.crest.swingui.logical.TVEntity" oid="EFCAC68D-4B36-835B-1FBE-9E019A0AED6C" otype="Entity" vid="C9725A51-2718-D532-9308-BB7677251F43">
<hideElementsInCurrentOnly>false</hideElementsInCurrentOnly>
<bounds x="629" y="529" width="192" height="166"/>
</OView>
</objectViews>
<connectors>
<Connector class="oracle.dbtools.crest.swingui.logical.TVRelation" oid="07126CF0-9C36-F827-77E1-E0845663DCE6" otype="Relation" vid_source="8815B8EF-6205-BCE1-21B4-3BF8FC04132F" vid_target="C9C3C340-C65E-B692-4150-2E541F116F1E">
<hideElementsInCurrentOnly>false</hideElementsInCurrentOnly>
<backgroundColor>-16777216</backgroundColor>
<lineWidth>1</lineWidth>
<sourceLabel class="oracle.dbtools.crest.model.design.Label">
<site>0</site>
<labelBounds x="905" y="48" width="34" height="32"/>
<noBackgroundColor>true</noBackgroundColor>
<noForegroundColor>true</noForegroundColor>
</sourceLabel>
<targetLabel class="oracle.dbtools.crest.model.design.Label">
<site>2</site>
<labelBounds x="832" y="83" width="18" height="30"/>
<noBackgroundColor>true</noBackgroundColor>
<noForegroundColor>true</noForegroundColor>
</targetLabel>
<points>
<point x="945" y="80"/>
<point x="822" y="80"/>
</points>
</Connector>
<Connector class="oracle.dbtools.crest.swingui.logical.TVRelation" oid="17990B29-D633-A78D-FD24-6F021B9628FF" otype="Relation" vid_source="FFED981B-0247-0398-4EAC-A517F1C20DA1" vid_target="A85114EB-D024-A977-006A-73AC1EF48B9D">
<hideElementsInCurrentOnly>false</hideElementsInCurrentOnly>
<backgroundColor>-16777216</backgroundColor>
<lineWidth>1</lineWidth>
<sourceLabel class="oracle.dbtools.crest.model.design.Label">
<site>0</site>
<labelBounds x="330" y="828" width="62" height="30"/>
<noBackgroundColor>true</noBackgroundColor>
<noForegroundColor>true</noForegroundColor>
</sourceLabel>
<targetLabel class="oracle.dbtools.crest.model.design.Label">
<site>2</site>
<labelBounds x="330" y="786" width="128" height="30"/>
<noBackgroundColor>true</noBackgroundColor>
<noForegroundColor>true</noForegroundColor>
</targetLabel>
<points>
<point x="330" y="864"/>
<point x="330" y="793"/>
<point x="330" y="750"/>
</points>
</Connector>
<Connector class="oracle.dbtools.crest.swingui.logical.TVRelation" oid="22B762B7-F8BC-0747-5199-B6A61B69FBB8" otype="Relation" vid_source="FFED981B-0247-0398-4EAC-A517F1C20DA1" vid_target="8815B8EF-6205-BCE1-21B4-3BF8FC04132F">
<hideElementsInCurrentOnly>false</hideElementsInCurrentOnly>
<backgroundColor>-16777216</backgroundColor>
<lineWidth>1</lineWidth>
<sourceLabel class="oracle.dbtools.crest.model.design.Label">
<site>0</site>
<labelBounds x="492" y="860" width="82" height="35"/>
<noBackgroundColor>true</noBackgroundColor>
<noForegroundColor>true</noForegroundColor>
</sourceLabel>
<targetLabel class="oracle.dbtools.crest.model.design.Label">
<site>2</site>
<labelBounds x="1125" y="89" width="58" height="78"/>
<noBackgroundColor>true</noBackgroundColor>
<noForegroundColor>true</noForegroundColor>
</targetLabel>
<points>
<point x="482" y="895"/>
<point x="494" y="895"/>
<point x="1267" y="898"/>
<point x="1266" y="86"/>
<point x="1115" y="86"/>
</points>
</Connector>
<Connector class="oracle.dbtools.crest.swingui.logical.TVRelation" oid="2B3F42BA-7245-F8D0-6312-A6C2450489CA" otype="Relation" vid_source="C9C3C340-C65E-B692-4150-2E541F116F1E" vid_target="36E4BB55-5718-D39D-82BE-1EA8DCBE97FC">
<hideElementsInCurrentOnly>false</hideElementsInCurrentOnly>
<backgroundColor>-16777216</backgroundColor>
<lineWidth>1</lineWidth>
<sourceLabel class="oracle.dbtools.crest.model.design.Label">
<site>0</site>
<labelBounds x="598" y="52" width="48" height="24"/>
<noBackgroundColor>true</noBackgroundColor>
<noForegroundColor>true</noForegroundColor>
</sourceLabel>
<targetLabel class="oracle.dbtools.crest.model.design.Label">
<site>2</site>
<labelBounds x="485" y="79" width="34" height="30"/>
<noBackgroundColor>true</noBackgroundColor>
<noForegroundColor>true</noForegroundColor>
</targetLabel>
<points>
<point x="652" y="76"/>
<point x="475" y="76"/>
</points>
</Connector>
<Connector class="oracle.dbtools.crest.swingui.logical.TVRelation" oid="4D8D887E-B5DB-8CE0-A7A2-7175A48E9F97" otype="Relation" vid_source="FFED981B-0247-0398-4EAC-A517F1C20DA1" vid_target="A85114EB-D024-A977-006A-73AC1EF48B9D">
<hideElementsInCurrentOnly>false</hideElementsInCurrentOnly>
<backgroundColor>-16777216</backgroundColor>
<lineWidth>1</lineWidth>
<sourceLabel class="oracle.dbtools.crest.model.design.Label">
<site>0</site>
<labelBounds x="459" y="812" width="42" height="30"/>
<noBackgroundColor>true</noBackgroundColor>
<noForegroundColor>true</noForegroundColor>
</sourceLabel>
<targetLabel class="oracle.dbtools.crest.model.design.Label">
<site>2</site>
<labelBounds x="459" y="794" width="18" height="30"/>
<noBackgroundColor>true</noBackgroundColor>
<noForegroundColor>true</noForegroundColor>
</targetLabel>
<points>
<point x="459" y="864"/>
<point x="459" y="796"/>
<point x="459" y="750"/>
</points>
</Connector>
<Connector class="oracle.dbtools.crest.swingui.logical.TVRelation" oid="5A6A0A76-03DD-39CC-E8BE-1CFFCBDE98C6" otype="Relation" vid_source="51D5BE35-16D3-09DD-1C9B-CCEA49E998CD" vid_target="A4C51E7A-B323-C97E-ECD8-282A98F478CC">
<hideElementsInCurrentOnly>false</hideElementsInCurrentOnly>
<backgroundColor>-16777216</backgroundColor>
<lineWidth>1</lineWidth>
<sourceLabel class="oracle.dbtools.crest.model.design.Label">
<site>0</site>
<labelBounds x="819" y="767" width="32" height="30"/>
<noBackgroundColor>true</noBackgroundColor>
<noForegroundColor>true</noForegroundColor>
</sourceLabel>
<targetLabel class="oracle.dbtools.crest.model.design.Label">
<site>2</site>
<labelBounds x="1153" y="247" width="18" height="30"/>
<noBackgroundColor>true</noBackgroundColor>
<noForegroundColor>true</noForegroundColor>
</targetLabel>
<points>
<point x="809" y="797"/>
<point x="1210" y="797"/>
<point x="1213" y="244"/>
<point x="1143" y="244"/>
</points>
</Connector>
<Connector class="oracle.dbtools.crest.swingui.logical.TVRelation" oid="6F7F1E90-27EE-C17A-A6DC-20B975301532" otype="Relation" vid_source="51D5BE35-16D3-09DD-1C9B-CCEA49E998CD" vid_target="C9725A51-2718-D532-9308-BB7677251F43">
<hideElementsInCurrentOnly>false</hideElementsInCurrentOnly>
<backgroundColor>-16777216</backgroundColor>
<lineWidth>1</lineWidth>
<sourceLabel class="oracle.dbtools.crest.model.design.Label">
<site>0</site>
<labelBounds x="724" y="709" width="32" height="30"/>
<noBackgroundColor>true</noBackgroundColor>
<noForegroundColor>true</noForegroundColor>
</sourceLabel>
<targetLabel class="oracle.dbtools.crest.model.design.Label">
<site>2</site>
<labelBounds x="724" y="731" width="18" height="30"/>
<noBackgroundColor>true</noBackgroundColor>
<noForegroundColor>true</noForegroundColor>
</targetLabel>
<points>
<point x="724" y="753"/>
<point x="724" y="695"/>
</points>
</Connector>
<Connector class="oracle.dbtools.crest.swingui.logical.TVRelation" oid="705826D7-7E47-2B02-CECC-24A7A63EA952" otype="Relation" vid_source="A85114EB-D024-A977-006A-73AC1EF48B9D" vid_target="C9725A51-2718-D532-9308-BB7677251F43">
<hideElementsInCurrentOnly>false</hideElementsInCurrentOnly>
<backgroundColor>-16777216</backgroundColor>
<lineWidth>1</lineWidth>
<sourceLabel class="oracle.dbtools.crest.model.design.Label">
<site>0</site>
<labelBounds x="499" y="601" width="53" height="23"/>
<noBackgroundColor>true</noBackgroundColor>
<noForegroundColor>true</noForegroundColor>
</sourceLabel>
<targetLabel class="oracle.dbtools.crest.model.design.Label">
<site>2</site>
<labelBounds x="605" y="603" width="18" height="33"/>
<noBackgroundColor>true</noBackgroundColor>
<noForegroundColor>true</noForegroundColor>
</targetLabel>
<points>
<point x="489" y="601"/>
<point x="629" y="603"/>
</points>
</Connector>
<Connector class="oracle.dbtools.crest.swingui.logical.TVRelation" oid="7E1A8013-67E1-2FD5-A489-4C95F90905ED" otype="Relation" vid_source="473DEFCF-3F5F-9F2D-5809-B49FD20184B9" vid_target="56B34E7B-D735-88C4-55A9-F9CFEE8DD2DA">
<hideElementsInCurrentOnly>false</hideElementsInCurrentOnly>
<backgroundColor>-16777216</backgroundColor>
<lineWidth>1</lineWidth>
<sourceLabel class="oracle.dbtools.crest.model.design.Label">
<site>0</site>
<labelBounds x="410" y="284" width="72" height="42"/>
<noBackgroundColor>true</noBackgroundColor>
<noForegroundColor>true</noForegroundColor>
</sourceLabel>
<targetLabel class="oracle.dbtools.crest.model.design.Label">
<site>2</site>
<labelBounds x="631" y="277" width="19" height="30"/>
<noBackgroundColor>true</noBackgroundColor>
<noForegroundColor>true</noForegroundColor>
</targetLabel>
<points>
<point x="410" y="332"/>
<point x="410" y="274"/>
<point x="656" y="274"/>
</points>
</Connector>
<Connector class="oracle.dbtools.crest.swingui.logical.TVRelation" oid="8AE48F37-023E-A2D5-EEE2-5C00361FE1B1" otype="Relation" vid_source="36E4BB55-5718-D39D-82BE-1EA8DCBE97FC" vid_target="56B34E7B-D735-88C4-55A9-F9CFEE8DD2DA">
<hideElementsInCurrentOnly>false</hideElementsInCurrentOnly>
<backgroundColor>-16777216</backgroundColor>
<lineWidth>1</lineWidth>
<sourceLabel class="oracle.dbtools.crest.model.design.Label">
<site>0</site>
<labelBounds x="410" y="217" width="93" height="26"/>
<noBackgroundColor>true</noBackgroundColor>
<noForegroundColor>true</noForegroundColor>
</sourceLabel>
<targetLabel class="oracle.dbtools.crest.model.design.Label">
<site>2</site>
<labelBounds x="632" y="217" width="18" height="30"/>
<noBackgroundColor>true</noBackgroundColor>
<noForegroundColor>true</noForegroundColor>
</targetLabel>
<points>
<point x="410" y="177"/>
<point x="410" y="214"/>
<point x="656" y="214"/>
</points>
</Connector>
<Connector class="oracle.dbtools.crest.swingui.logical.TVRelation" oid="9CD767C6-7793-75E0-3A9A-6DD651D5338D" otype="Relation" vid_source="A4C51E7A-B323-C97E-ECD8-282A98F478CC" vid_target="56B34E7B-D735-88C4-55A9-F9CFEE8DD2DA">
<hideElementsInCurrentOnly>false</hideElementsInCurrentOnly>
<backgroundColor>-16777216</backgroundColor>
<lineWidth>1</lineWidth>
<sourceLabel class="oracle.dbtools.crest.model.design.Label">
<site>0</site>
<labelBounds x="943" y="209" width="18" height="30"/>
<noBackgroundColor>true</noBackgroundColor>
<noForegroundColor>true</noForegroundColor>
</sourceLabel>
<targetLabel class="oracle.dbtools.crest.model.design.Label">
<site>2</site>
<labelBounds x="831" y="242" width="32" height="30"/>
<noBackgroundColor>true</noBackgroundColor>
<noForegroundColor>true</noForegroundColor>
</targetLabel>
<points>
<point x="967" y="239"/>
<point x="821" y="239"/>
</points>
</Connector>
<Connector class="oracle.dbtools.crest.swingui.logical.TVRelation" oid="9E7FFDE5-D2AF-80CB-8969-CD666112DD48" otype="Relation" vid_source="FFED981B-0247-0398-4EAC-A517F1C20DA1" vid_target="A85114EB-D024-A977-006A-73AC1EF48B9D">
<hideElementsInCurrentOnly>false</hideElementsInCurrentOnly>
<backgroundColor>-16777216</backgroundColor>
<lineWidth>1</lineWidth>
<sourceLabel class="oracle.dbtools.crest.model.design.Label">
<site>0</site>
<labelBounds x="395" y="804" width="52" height="30"/>
<noBackgroundColor>true</noBackgroundColor>
<noForegroundColor>true</noForegroundColor>
</sourceLabel>
<targetLabel class="oracle.dbtools.crest.model.design.Label">
<site>2</site>
<labelBounds x="395" y="810" width="18" height="30"/>
<noBackgroundColor>true</noBackgroundColor>
<noForegroundColor>true</noForegroundColor>
</targetLabel>
<points>
<point x="395" y="864"/>
<point x="395" y="803"/>
<point x="395" y="750"/>
</points>
</Connector>
<Connector class="oracle.dbtools.crest.swingui.logical.TVRelation" oid="CA8CD46D-8EDB-B2EC-39EC-114A1EFB3E01" otype="Relation" vid_source="FFED981B-0247-0398-4EAC-A517F1C20DA1" vid_target="FFED981B-0247-0398-4EAC-A517F1C20DA1">
<hideElementsInCurrentOnly>false</hideElementsInCurrentOnly>
<backgroundColor>-16777216</backgroundColor>
<lineWidth>1</lineWidth>
<sourceLabel class="oracle.dbtools.crest.model.design.Label">
<site>0</site>
<labelBounds x="587" y="910" width="53" height="27"/>
<noBackgroundColor>true</noBackgroundColor>
<noForegroundColor>true</noForegroundColor>
</sourceLabel>
<targetLabel class="oracle.dbtools.crest.model.design.Label">
<site>2</site>
<labelBounds x="540" y="991" width="18" height="30"/>
<noBackgroundColor>true</noBackgroundColor>
<noForegroundColor>true</noForegroundColor>
</targetLabel>
<points>
<point x="482" y="922"/>
<point x="587" y="922"/>
<point x="586" y="1001"/>
<point x="540" y="1001"/>
<point x="482" y="1001"/>
</points>
</Connector>
<Connector class="oracle.dbtools.crest.swingui.logical.TVRelation" oid="CC087D3D-ED35-844C-C433-9BBC74264DDE" otype="Relation" vid_source="8D46160B-C80F-BA31-5713-D4A7B0A6AB74" vid_target="473DEFCF-3F5F-9F2D-5809-B49FD20184B9">
<hideElementsInCurrentOnly>false</hideElementsInCurrentOnly>
<backgroundColor>-16777216</backgroundColor>
<lineWidth>1</lineWidth>
<sourceLabel class="oracle.dbtools.crest.model.design.Label">
<site>0</site>
<labelBounds x="610" y="370" width="34" height="30"/>
<noBackgroundColor>true</noBackgroundColor>
<noForegroundColor>true</noForegroundColor>
</sourceLabel>
<targetLabel class="oracle.dbtools.crest.model.design.Label">
<site>2</site>
<labelBounds x="489" y="403" width="18" height="30"/>
<noBackgroundColor>true</noBackgroundColor>
<noForegroundColor>true</noForegroundColor>
</targetLabel>
<points>
<point x="650" y="400"/>
<point x="479" y="400"/>
</points>
</Connector>
<Connector class="oracle.dbtools.crest.swingui.logical.TVRelation" oid="CD5C4407-63F6-83EB-1D2F-F75F07482078" otype="Relation" vid_source="92150DC3-FBEA-CB99-2BF6-D4D0E5DBEC6E" vid_target="8D46160B-C80F-BA31-5713-D4A7B0A6AB74">
<hideElementsInCurrentOnly>false</hideElementsInCurrentOnly>
<backgroundColor>-16777216</backgroundColor>
<lineWidth>1</lineWidth>
<sourceLabel class="oracle.dbtools.crest.model.design.Label">
<site>0</site>
<labelBounds x="942" y="362" width="34" height="30"/>
<noBackgroundColor>true</noBackgroundColor>
<noForegroundColor>true</noForegroundColor>
</sourceLabel>
<targetLabel class="oracle.dbtools.crest.model.design.Label">
<site>2</site>
<labelBounds x="830" y="395" width="18" height="30"/>
<noBackgroundColor>true</noBackgroundColor>
<noForegroundColor>true</noForegroundColor>
</targetLabel>
<points>
<point x="982" y="392"/>
<point x="820" y="392"/>
</points>
</Connector>
<Connector class="oracle.dbtools.crest.swingui.logical.TVRelation" oid="EF8B82B5-813E-F9C3-5B78-ADD87F074CFF" otype="Relation" vid_source="56B34E7B-D735-88C4-55A9-F9CFEE8DD2DA" vid_target="A85114EB-D024-A977-006A-73AC1EF48B9D">
<hideElementsInCurrentOnly>false</hideElementsInCurrentOnly>
<backgroundColor>-16777216</backgroundColor>
<lineWidth>1</lineWidth>
<sourceLabel class="oracle.dbtools.crest.model.design.Label">
<site>0</site>
<labelBounds x="609" y="228" width="41" height="19"/>
<noBackgroundColor>true</noBackgroundColor>
<noForegroundColor>true</noForegroundColor>
</sourceLabel>
<targetLabel class="oracle.dbtools.crest.model.design.Label">
<site>2</site>
<labelBounds x="291" y="584" width="18" height="30"/>
<noBackgroundColor>true</noBackgroundColor>
<noForegroundColor>true</noForegroundColor>
</targetLabel>
<points>
<point x="656" y="247"/>
<point x="267" y="247"/>
<point x="261" y="581"/>
<point x="315" y="581"/>
</points>
</Connector>
<Connector class="oracle.dbtools.crest.swingui.logical.TVRelation" oid="FBA87E4E-60B9-DCC0-5F87-1092E47373E7" otype="Relation" vid_source="D9AF5452-98FD-BB11-7FA3-5F25995ABB06" vid_target="C9725A51-2718-D532-9308-BB7677251F43">
<hideElementsInCurrentOnly>false</hideElementsInCurrentOnly>
<backgroundColor>-16777216</backgroundColor>
<lineWidth>1</lineWidth>
<sourceLabel class="oracle.dbtools.crest.model.design.Label">
<site>0</site>
<labelBounds x="925" y="565" width="53" height="31"/>
<noBackgroundColor>true</noBackgroundColor>
<noForegroundColor>true</noForegroundColor>
</sourceLabel>
<targetLabel class="oracle.dbtools.crest.model.design.Label">
<site>2</site>
<labelBounds x="831" y="599" width="64" height="45"/>
<noBackgroundColor>true</noBackgroundColor>
<noForegroundColor>true</noForegroundColor>
</targetLabel>
<points>
<point x="984" y="596"/>
<point x="934" y="596"/>
<point x="821" y="596"/>
</points>
</Connector>
</connectors>
</Diagram>
