<?xml version = '1.0' encoding = 'UTF-8'?>
<Diagram class="oracle.dbtools.crest.swingui.relational.DPVRelational" name="Relational_1" id="2F93FF35-A6CD-B120-CF6E-09734EBB5B19">
<createdBy>aliciang</createdBy>
<modifiedBy>aliciang</modifiedBy>
<createdTime>2022-09-09 07:54:15 UTC</createdTime>
<autoRoute>false</autoRoute>
<boxInbox>true</boxInbox>
<showLegend>false</showLegend>
<showLabels>false</showLabels>
<showRelAttributes>false</showRelAttributes>
<gridEnabled>false</gridEnabled>
<showGrid>false</showGrid>
<diagramColor>-1</diagramColor>
<display>false</display>
<notation>1</notation>
<objectViews>
<OView class="oracle.dbtools.crest.swingui.relational.TVTable" oid="3EBCE869-09C4-B761-4F32-CD637BC13172" otype="Table" vid="5A005273-010C-CB3F-3EAD-12831D8E46AE">
<hideElementsInCurrentOnly>false</hideElementsInCurrentOnly>
<bounds x="967" y="184" width="176" height="110"/>
</OView>
<OView class="oracle.dbtools.crest.swingui.relational.TVTable" oid="7DBF25FF-A7F3-0FE8-F7A0-D042F026BAB1" otype="Table" vid="9BC44C5F-94E8-39C5-ED7D-68EF937303B3">
<hideElementsInCurrentOnly>false</hideElementsInCurrentOnly>
<bounds x="984" y="536" width="170" height="132"/>
</OView>
<OView class="oracle.dbtools.crest.swingui.relational.TVTable" oid="8244ECBF-3BCA-B4DE-62C8-1A05EB7AA665" otype="Table" vid="7F5741B8-70BF-206E-04E9-7CB3932C5183">
<hideElementsInCurrentOnly>false</hideElementsInCurrentOnly>
<bounds x="982" y="336" width="170" height="112"/>
</OView>
<OView class="oracle.dbtools.crest.swingui.relational.TVTable" oid="8D4AB86B-517F-AF38-1DC9-03500EF69636" otype="Table" vid="5E8FAE2B-1ADE-F7C5-B071-0776056E4420">
<hideElementsInCurrentOnly>false</hideElementsInCurrentOnly>
<bounds x="312" y="864" width="170" height="177"/>
</OView>
<OView class="oracle.dbtools.crest.swingui.relational.TVTable" oid="9688FF87-5BED-3DDE-E896-188B677FE461" otype="Table" vid="A6EAE639-BC28-C831-EB8E-FF83E46C04A3">
<hideElementsInCurrentOnly>false</hideElementsInCurrentOnly>
<bounds x="305" y="4" width="170" height="173"/>
</OView>
<OView class="oracle.dbtools.crest.swingui.relational.TVTable" oid="A7079E0B-C7C3-70DE-9254-ADD360F7F8EE" otype="Table" vid="07051C6F-F692-4552-F309-F7029EC88182">
<hideElementsInCurrentOnly>false</hideElementsInCurrentOnly>
<bounds x="652" y="19" width="170" height="115"/>
</OView>
<OView class="oracle.dbtools.crest.swingui.relational.TVTable" oid="BCA34E16-A43D-A16D-4041-1F48F8C0B834" otype="Table" vid="05C6DA6C-DB85-A05A-DF9F-5E2C3E8EE342">
<hideElementsInCurrentOnly>false</hideElementsInCurrentOnly>
<bounds x="315" y="531" width="174" height="219"/>
</OView>
<OView class="oracle.dbtools.crest.swingui.relational.TVTable" oid="C06A13A1-A784-04A3-CF5D-BFF687804DF2" otype="Table" vid="8B224CA7-48DB-7208-A86F-08560C4E0C64">
<hideElementsInCurrentOnly>false</hideElementsInCurrentOnly>
<bounds x="311" y="332" width="168" height="131"/>
</OView>
<OView class="oracle.dbtools.crest.swingui.relational.TVTable" oid="E2866834-C2A0-78C7-0A99-6425C47EAA0E" otype="Table" vid="1C95AB0E-5DB8-C7D2-630C-919BF3A50093">
<hideElementsInCurrentOnly>false</hideElementsInCurrentOnly>
<bounds x="650" y="337" width="170" height="142"/>
</OView>
<OView class="oracle.dbtools.crest.swingui.relational.TVTable" oid="E63A0636-33B2-EEDF-351C-168BB35149A8" otype="Table" vid="6414EB24-CCC4-D5CA-7508-0581EE9815F3">
<hideElementsInCurrentOnly>false</hideElementsInCurrentOnly>
<bounds x="656" y="178" width="165" height="117"/>
</OView>
<OView class="oracle.dbtools.crest.swingui.relational.TVTable" oid="E64F39A5-DD6A-4952-E03D-2F3B15B1C449" otype="Table" vid="5671B5A5-8FFE-E9FC-DA53-D2DDFEC4FBBD">
<hideElementsInCurrentOnly>false</hideElementsInCurrentOnly>
<bounds x="629" y="529" width="192" height="166"/>
</OView>
<OView class="oracle.dbtools.crest.swingui.relational.TVTable" oid="F04850EE-DD39-F1AD-78A7-E1EC1CB6E581" otype="Table" vid="9927EF57-2270-21B8-127A-72AB4861FAC5">
<hideElementsInCurrentOnly>false</hideElementsInCurrentOnly>
<bounds x="945" y="27" width="170" height="119"/>
</OView>
<OView class="oracle.dbtools.crest.swingui.relational.TVTable" oid="FCC05448-CE6E-ACBF-15C6-08951100EF29" otype="Table" vid="CB2FFDD3-46F8-FEA3-5632-D20ED4836C2E">
<hideElementsInCurrentOnly>false</hideElementsInCurrentOnly>
<bounds x="639" y="753" width="170" height="116"/>
</OView>
</objectViews>
<connectors>
<Connector class="oracle.dbtools.crest.swingui.relational.TVFKRelation" oid="0181E7AE-1A57-2A01-F038-40293F71F754" otype="FKIndexAssociation" vid_source="A6EAE639-BC28-C831-EB8E-FF83E46C04A3" vid_target="05C6DA6C-DB85-A05A-DF9F-5E2C3E8EE342">
<hideElementsInCurrentOnly>false</hideElementsInCurrentOnly>
<backgroundColor>-16777216</backgroundColor>
<lineWidth>1</lineWidth>
<points>
<point x="305" y="177"/>
<point x="186" y="207"/>
<point x="182" y="562"/>
<point x="315" y="562"/>
</points>
</Connector>
<Connector class="oracle.dbtools.crest.swingui.relational.TVFKRelation" oid="122950E2-D54B-678B-EFAB-47300AFECC9A" otype="FKIndexAssociation" vid_source="5E8FAE2B-1ADE-F7C5-B071-0776056E4420" vid_target="05C6DA6C-DB85-A05A-DF9F-5E2C3E8EE342">
<hideElementsInCurrentOnly>false</hideElementsInCurrentOnly>
<backgroundColor>-16777216</backgroundColor>
<lineWidth>1</lineWidth>
<points>
<point x="395" y="864"/>
<point x="395" y="803"/>
<point x="395" y="750"/>
</points>
</Connector>
<Connector class="oracle.dbtools.crest.swingui.relational.TVFKRelation" oid="19CDB489-D546-5E43-D076-D5BE8AF98318" otype="FKIndexAssociation" vid_source="CB2FFDD3-46F8-FEA3-5632-D20ED4836C2E" vid_target="5671B5A5-8FFE-E9FC-DA53-D2DDFEC4FBBD">
<hideElementsInCurrentOnly>false</hideElementsInCurrentOnly>
<backgroundColor>-16777216</backgroundColor>
<lineWidth>1</lineWidth>
<points>
<point x="724" y="753"/>
<point x="724" y="695"/>
</points>
</Connector>
<Connector class="oracle.dbtools.crest.swingui.relational.TVFKRelation" oid="45C96F65-7F71-04D1-4730-AFE365CCB20A" otype="FKIndexAssociation" vid_source="5671B5A5-8FFE-E9FC-DA53-D2DDFEC4FBBD" vid_target="05C6DA6C-DB85-A05A-DF9F-5E2C3E8EE342">
<hideElementsInCurrentOnly>false</hideElementsInCurrentOnly>
<backgroundColor>-16777216</backgroundColor>
<lineWidth>1</lineWidth>
<points>
<point x="629" y="601"/>
<point x="489" y="603"/>
</points>
</Connector>
<Connector class="oracle.dbtools.crest.swingui.relational.TVFKRelation" oid="4DF03CFE-4A1A-EB38-B386-3D44BDCEC938" otype="FKIndexAssociation" vid_source="7F5741B8-70BF-206E-04E9-7CB3932C5183" vid_target="1C95AB0E-5DB8-C7D2-630C-919BF3A50093">
<hideElementsInCurrentOnly>false</hideElementsInCurrentOnly>
<backgroundColor>-16777216</backgroundColor>
<lineWidth>1</lineWidth>
<points>
<point x="982" y="392"/>
<point x="820" y="392"/>
</points>
</Connector>
<Connector class="oracle.dbtools.crest.swingui.relational.TVFKRelation" oid="50B9A520-9B64-8429-E19A-61DAEE8DED88" otype="FKIndexAssociation" vid_source="CB2FFDD3-46F8-FEA3-5632-D20ED4836C2E" vid_target="5A005273-010C-CB3F-3EAD-12831D8E46AE">
<hideElementsInCurrentOnly>false</hideElementsInCurrentOnly>
<backgroundColor>-16777216</backgroundColor>
<lineWidth>1</lineWidth>
<points>
<point x="809" y="797"/>
<point x="1210" y="797"/>
<point x="1213" y="244"/>
<point x="1143" y="244"/>
</points>
</Connector>
<Connector class="oracle.dbtools.crest.swingui.relational.TVFKRelation" oid="5308E121-5E74-5C11-48F3-5B621D1CDAB4" otype="FKIndexAssociation" vid_source="07051C6F-F692-4552-F309-F7029EC88182" vid_target="A6EAE639-BC28-C831-EB8E-FF83E46C04A3">
<hideElementsInCurrentOnly>false</hideElementsInCurrentOnly>
<backgroundColor>-16777216</backgroundColor>
<lineWidth>1</lineWidth>
<points>
<point x="652" y="76"/>
<point x="475" y="76"/>
</points>
</Connector>
<Connector class="oracle.dbtools.crest.swingui.relational.TVFKRelation" oid="55094C07-8C79-2202-0D1E-0A2DB76D2D5D" otype="FKIndexAssociation" vid_source="9927EF57-2270-21B8-127A-72AB4861FAC5" vid_target="5E8FAE2B-1ADE-F7C5-B071-0776056E4420">
<hideElementsInCurrentOnly>false</hideElementsInCurrentOnly>
<backgroundColor>-16777216</backgroundColor>
<lineWidth>1</lineWidth>
<points>
<point x="945" y="146"/>
<point x="494" y="895"/>
<point x="1267" y="898"/>
<point x="1266" y="86"/>
<point x="482" y="864"/>
</points>
</Connector>
<Connector class="oracle.dbtools.crest.swingui.relational.TVFKRelation" oid="5D2E6F96-64ED-9D56-124B-DB6DCB64614E" otype="FKIndexAssociation" vid_source="5E8FAE2B-1ADE-F7C5-B071-0776056E4420" vid_target="5E8FAE2B-1ADE-F7C5-B071-0776056E4420">
<hideElementsInCurrentOnly>false</hideElementsInCurrentOnly>
<backgroundColor>-16777216</backgroundColor>
<lineWidth>1</lineWidth>
<points>
<point x="482" y="922"/>
<point x="587" y="922"/>
<point x="586" y="1001"/>
<point x="540" y="1001"/>
<point x="482" y="1001"/>
</points>
</Connector>
<Connector class="oracle.dbtools.crest.swingui.relational.TVFKRelation" oid="706A0F26-B235-2207-29DA-F6273E476DAC" otype="FKIndexAssociation" vid_source="6414EB24-CCC4-D5CA-7508-0581EE9815F3" vid_target="5A005273-010C-CB3F-3EAD-12831D8E46AE">
<hideElementsInCurrentOnly>false</hideElementsInCurrentOnly>
<backgroundColor>-16777216</backgroundColor>
<lineWidth>1</lineWidth>
<points>
<point x="821" y="239"/>
<point x="967" y="239"/>
</points>
</Connector>
<Connector class="oracle.dbtools.crest.swingui.relational.TVFKRelation" oid="7485C444-48C8-2AF1-D6E6-A10C7C1D619F" otype="FKIndexAssociation" vid_source="5E8FAE2B-1ADE-F7C5-B071-0776056E4420" vid_target="05C6DA6C-DB85-A05A-DF9F-5E2C3E8EE342">
<hideElementsInCurrentOnly>false</hideElementsInCurrentOnly>
<backgroundColor>-16777216</backgroundColor>
<lineWidth>1</lineWidth>
<points>
<point x="330" y="864"/>
<point x="330" y="793"/>
<point x="330" y="750"/>
</points>
</Connector>
<Connector class="oracle.dbtools.crest.swingui.relational.TVFKRelation" oid="76EE0F07-8A5F-5FD9-A3C4-1B117A48C19C" otype="FKIndexAssociation" vid_source="CB2FFDD3-46F8-FEA3-5632-D20ED4836C2E" vid_target="6414EB24-CCC4-D5CA-7508-0581EE9815F3">
<hideElementsInCurrentOnly>false</hideElementsInCurrentOnly>
<backgroundColor>-16777216</backgroundColor>
<lineWidth>1</lineWidth>
<points>
<point x="809" y="778"/>
<point x="821" y="295"/>
</points>
</Connector>
<Connector class="oracle.dbtools.crest.swingui.relational.TVFKRelation" oid="79279806-455A-E96D-A89C-58F4B70D0D1C" otype="FKIndexAssociation" vid_source="9BC44C5F-94E8-39C5-ED7D-68EF937303B3" vid_target="5671B5A5-8FFE-E9FC-DA53-D2DDFEC4FBBD">
<hideElementsInCurrentOnly>false</hideElementsInCurrentOnly>
<backgroundColor>-16777216</backgroundColor>
<lineWidth>1</lineWidth>
<points>
<point x="984" y="596"/>
<point x="934" y="596"/>
<point x="821" y="596"/>
</points>
</Connector>
<Connector class="oracle.dbtools.crest.swingui.relational.TVFKRelation" oid="8E8B6EE9-23A3-AD46-12AA-C1004A229061" otype="FKIndexAssociation" vid_source="A6EAE639-BC28-C831-EB8E-FF83E46C04A3" vid_target="6414EB24-CCC4-D5CA-7508-0581EE9815F3">
<hideElementsInCurrentOnly>false</hideElementsInCurrentOnly>
<backgroundColor>-16777216</backgroundColor>
<lineWidth>1</lineWidth>
<points>
<point x="410" y="177"/>
<point x="410" y="214"/>
<point x="656" y="214"/>
</points>
</Connector>
<Connector class="oracle.dbtools.crest.swingui.relational.TVFKRelation" oid="CB389774-EEB4-0F70-0AA4-4D0410B58520" otype="FKIndexAssociation" vid_source="8B224CA7-48DB-7208-A86F-08560C4E0C64" vid_target="05C6DA6C-DB85-A05A-DF9F-5E2C3E8EE342">
<hideElementsInCurrentOnly>false</hideElementsInCurrentOnly>
<backgroundColor>-16777216</backgroundColor>
<lineWidth>1</lineWidth>
<points>
<point x="391" y="463"/>
<point x="391" y="483"/>
<point x="391" y="531"/>
</points>
</Connector>
<Connector class="oracle.dbtools.crest.swingui.relational.TVFKRelation" oid="CFFA5FD7-C670-EB03-3052-B6B37094C2F0" otype="FKIndexAssociation" vid_source="9927EF57-2270-21B8-127A-72AB4861FAC5" vid_target="07051C6F-F692-4552-F309-F7029EC88182">
<hideElementsInCurrentOnly>false</hideElementsInCurrentOnly>
<backgroundColor>-16777216</backgroundColor>
<lineWidth>1</lineWidth>
<points>
<point x="945" y="80"/>
<point x="822" y="80"/>
</points>
</Connector>
<Connector class="oracle.dbtools.crest.swingui.relational.TVFKRelation" oid="D38C9E77-DAB0-FADC-558E-5391DD05EA19" otype="FKIndexAssociation" vid_source="1C95AB0E-5DB8-C7D2-630C-919BF3A50093" vid_target="8B224CA7-48DB-7208-A86F-08560C4E0C64">
<hideElementsInCurrentOnly>false</hideElementsInCurrentOnly>
<backgroundColor>-16777216</backgroundColor>
<lineWidth>1</lineWidth>
<points>
<point x="650" y="400"/>
<point x="479" y="400"/>
</points>
</Connector>
<Connector class="oracle.dbtools.crest.swingui.relational.TVFKRelation" oid="D86FC418-EE9E-FA0E-FEA0-451C5E8E41B5" otype="FKIndexAssociation" vid_source="8B224CA7-48DB-7208-A86F-08560C4E0C64" vid_target="6414EB24-CCC4-D5CA-7508-0581EE9815F3">
<hideElementsInCurrentOnly>false</hideElementsInCurrentOnly>
<backgroundColor>-16777216</backgroundColor>
<lineWidth>1</lineWidth>
<points>
<point x="410" y="332"/>
<point x="410" y="274"/>
<point x="656" y="274"/>
</points>
</Connector>
<Connector class="oracle.dbtools.crest.swingui.relational.TVFKRelation" oid="ECFBA69E-9C55-DEC7-829B-C5A07C0F6436" otype="FKIndexAssociation" vid_source="5E8FAE2B-1ADE-F7C5-B071-0776056E4420" vid_target="05C6DA6C-DB85-A05A-DF9F-5E2C3E8EE342">
<hideElementsInCurrentOnly>false</hideElementsInCurrentOnly>
<backgroundColor>-16777216</backgroundColor>
<lineWidth>1</lineWidth>
<points>
<point x="459" y="864"/>
<point x="459" y="796"/>
<point x="459" y="750"/>
</points>
</Connector>
<Connector class="oracle.dbtools.crest.swingui.relational.TVFKRelation" oid="FAECADD4-1770-E0AA-83DF-8E97FE1A1238" otype="FKIndexAssociation" vid_source="6414EB24-CCC4-D5CA-7508-0581EE9815F3" vid_target="05C6DA6C-DB85-A05A-DF9F-5E2C3E8EE342">
<hideElementsInCurrentOnly>false</hideElementsInCurrentOnly>
<backgroundColor>-16777216</backgroundColor>
<lineWidth>1</lineWidth>
<points>
<point x="656" y="247"/>
<point x="267" y="247"/>
<point x="261" y="581"/>
<point x="315" y="581"/>
</points>
</Connector>
</connectors>
</Diagram>
