<?xml version = '1.0' encoding = 'UTF-8'?>
<relationalModel class="oracle.dbtools.crest.model.design.relational.RelationalDesign" name="Relational_1" id="1162F746-1B36-7F67-C683-D4D9104FB559" mainViewID="2F93FF35-A6CD-B120-CF6E-09734EBB5B19">
<createdBy>aliciang</createdBy>
<createdTime>2022-09-09 07:15:43 UTC</createdTime>
<ownerDesignName>monh_oraclemodel</ownerDesignName>
<shouldBeOpen>false</shouldBeOpen>
<selectedRDBMSSite>3FD120B5-9F4E-6278-D5E2-746D192C8319</selectedRDBMSSite>
</relationalModel>