<?xml version = '1.0' encoding = 'UTF-8'?>
<Entity class="oracle.dbtools.crest.model.design.logical.Entity" directorySegmentName="seg_0" id="02786C82-0F63-78D4-DCE2-C319ED74678F" name="TRAILER_TYPE">
<createdBy>thong</createdBy>
<createdTime>2022-09-12 02:57:28 UTC</createdTime>
<ownerDesignName>monh_oraclemodel</ownerDesignName>
<engineerTo>
<item key="1162F746-1B36-7F67-C683-D4D9104FB559" value="true"/>
</engineerTo>
<adequatelyNormalized>NO</adequatelyNormalized>
<expectedVolumes>0</expectedVolumes>
<fwdEngineeringStrategyName>Single Table</fwdEngineeringStrategyName>
<growthPercent>0</growthPercent>
<growthType>Year</growthType>
<maxVolumes>9999999</maxVolumes>
<minVolumes>0</minVolumes>
<normalForm>Third</normalForm>
<attributes itemClass="oracle.dbtools.crest.model.design.logical.Attribute">
<Attribute name="trailer_type_no" id="339E4A47-8224-39EE-9DEB-D32DE2B04D54">
<createdBy>sunny</createdBy>
<createdTime>2022-09-12 15:17:36 UTC</createdTime>
<commentInRDBMS><![CDATA[Trailer type number (surrogate key derived from trailer_type_manufacturer and trailer_type_model).]]></commentInRDBMS>
<ownerDesignName>monh_oraclemodel</ownerDesignName>
<engineerTo>
<item key="1162F746-1B36-7F67-C683-D4D9104FB559" value="true"/>
</engineerTo>
<useDomainConstraints>false</useDomainConstraints>
<use>1</use>
<logicalDatatype>LOGDT019</logicalDatatype>
<dataTypePrecision>3</dataTypePrecision>
<ownDataTypeParameters>,3,</ownDataTypeParameters>
</Attribute>
<Attribute name="trailer_type_manufacturer" id="BD5AFF14-ED84-2605-AED1-4DB3503DE806">
<createdBy>thong</createdBy>
<createdTime>2022-09-12 02:57:40 UTC</createdTime>
<commentInRDBMS><![CDATA[Trailer type manufacturer.]]></commentInRDBMS>
<ownerDesignName>monh_oraclemodel</ownerDesignName>
<engineerTo>
<item key="1162F746-1B36-7F67-C683-D4D9104FB559" value="true"/>
</engineerTo>
<useDomainConstraints>false</useDomainConstraints>
<use>1</use>
<logicalDatatype>LOGDT024</logicalDatatype>
<dataTypeSize>20</dataTypeSize>
<ownDataTypeParameters>20,,</ownDataTypeParameters>
</Attribute>
<Attribute name="trailer_type_model" id="3A64B1C1-41B2-4448-8BC3-9A4DA8014851">
<createdBy>thong</createdBy>
<createdTime>2022-09-12 02:57:40 UTC</createdTime>
<commentInRDBMS><![CDATA[Trailer type model.]]></commentInRDBMS>
<ownerDesignName>monh_oraclemodel</ownerDesignName>
<engineerTo>
<item key="1162F746-1B36-7F67-C683-D4D9104FB559" value="true"/>
</engineerTo>
<useDomainConstraints>false</useDomainConstraints>
<use>1</use>
<logicalDatatype>LOGDT024</logicalDatatype>
<dataTypeSize>20</dataTypeSize>
<ownDataTypeParameters>20,,</ownDataTypeParameters>
</Attribute>
<Attribute name="trailer_load_capacity" id="A54F8AFA-B7E0-6E78-70F2-255508C2F31F">
<createdBy>thong</createdBy>
<createdTime>2022-09-12 02:59:00 UTC</createdTime>
<commentInRDBMS><![CDATA[Trailer type's load capacity.]]></commentInRDBMS>
<ownerDesignName>monh_oraclemodel</ownerDesignName>
<engineerTo>
<item key="1162F746-1B36-7F67-C683-D4D9104FB559" value="true"/>
</engineerTo>
<useDomainConstraints>false</useDomainConstraints>
<use>1</use>
<logicalDatatype>LOGDT019</logicalDatatype>
<dataTypePrecision>5</dataTypePrecision>
<ownDataTypeParameters>,5,</ownDataTypeParameters>
</Attribute>
<Attribute name="trailer_length" id="00E02120-C1EA-D3A5-8F0D-D1439DC6B508">
<createdBy>thong</createdBy>
<createdTime>2022-09-12 02:59:00 UTC</createdTime>
<commentInRDBMS><![CDATA[Trailer length.]]></commentInRDBMS>
<ownerDesignName>monh_oraclemodel</ownerDesignName>
<engineerTo>
<item key="1162F746-1B36-7F67-C683-D4D9104FB559" value="true"/>
</engineerTo>
<useDomainConstraints>false</useDomainConstraints>
<use>1</use>
<logicalDatatype>LOGDT019</logicalDatatype>
<dataTypePrecision>2</dataTypePrecision>
<dataTypeScale>1</dataTypeScale>
<ownDataTypeParameters>,2,1</ownDataTypeParameters>
</Attribute>
<Attribute name="trailer_width" id="397A4489-1204-A18F-AE96-55F503190C14">
<createdBy>sunny</createdBy>
<createdTime>2022-09-12 14:00:07 UTC</createdTime>
<commentInRDBMS><![CDATA[Trailer width.]]></commentInRDBMS>
<ownerDesignName>monh_oraclemodel</ownerDesignName>
<engineerTo>
<item key="1162F746-1B36-7F67-C683-D4D9104FB559" value="true"/>
</engineerTo>
<useDomainConstraints>false</useDomainConstraints>
<use>1</use>
<logicalDatatype>LOGDT019</logicalDatatype>
<dataTypePrecision>1</dataTypePrecision>
<dataTypeScale>2</dataTypeScale>
<ownDataTypeParameters>,1,2</ownDataTypeParameters>
</Attribute>
<Attribute name="trailer_class_no" id="7885B150-2CCC-6649-74BE-40D3BED0451C">
<createdBy>thong</createdBy>
<createdTime>2022-09-12 03:49:03 UTC</createdTime>
<commentInRDBMS><![CDATA[Trailer class number.]]></commentInRDBMS>
<generatorID>CD5C4407-63F6-83EB-1D2F-F75F07482078</generatorID>
<ownerDesignName>monh_oraclemodel</ownerDesignName>
<engineerTo>
<item key="1162F746-1B36-7F67-C683-D4D9104FB559" value="true"/>
</engineerTo>
<referedAttribute>131349C8-B0A2-C71B-129C-DDDDB90CF9EC</referedAttribute>
<useDomainConstraints>false</useDomainConstraints>
<use>1</use>
<logicalDatatype>LOGDT024</logicalDatatype>
<dataTypeSize>3</dataTypeSize>
<ownDataTypeParameters>,,</ownDataTypeParameters>
</Attribute>
</attributes>
<identifiers itemClass="oracle.dbtools.crest.model.design.logical.CandidateKey">
<identifier id="7718D90F-1E0B-4A04-8B26-EFD109F466D1" name="TRAILER_TYPE PK">
<createdBy>thong</createdBy>
<createdTime>2022-09-12 02:58:01 UTC</createdTime>
<ownerDesignName>monh_oraclemodel</ownerDesignName>
<engineerTo>
<item key="1162F746-1B36-7F67-C683-D4D9104FB559" value="true"/>
</engineerTo>
<pk>true</pk>
<usedAttributes>
<attributeRef>339E4A47-8224-39EE-9DEB-D32DE2B04D54</attributeRef>
</usedAttributes>
</identifier>
<identifier id="A948DB0A-6EAC-7774-7204-1371881E81E1" name="TRAILER_TYPE NK">
<createdBy>sunny</createdBy>
<createdTime>2022-09-12 15:20:08 UTC</createdTime>
<ownerDesignName>monh_oraclemodel</ownerDesignName>
<engineerTo>
<item key="1162F746-1B36-7F67-C683-D4D9104FB559" value="true"/>
</engineerTo>
<newElementsIDs>BD5AFF14-ED84-2605-AED1-4DB3503DE806,3A64B1C1-41B2-4448-8BC3-9A4DA8014851</newElementsIDs>
<usedAttributes>
<attributeRef>BD5AFF14-ED84-2605-AED1-4DB3503DE806</attributeRef>
<attributeRef>3A64B1C1-41B2-4448-8BC3-9A4DA8014851</attributeRef>
</usedAttributes>
</identifier>
</identifiers>
</Entity>
