<?xml version = '1.0' encoding = 'UTF-8'?>
<Entity class="oracle.dbtools.crest.model.design.logical.Entity" directorySegmentName="seg_0" id="0BB2177F-7684-711F-8963-C21D2B2A3EED" name="TRAILER_CLASS">
<createdBy>thong</createdBy>
<createdTime>2022-09-12 03:01:34 UTC</createdTime>
<ownerDesignName>monh_oraclemodel</ownerDesignName>
<engineerTo>
<item key="1162F746-1B36-7F67-C683-D4D9104FB559" value="true"/>
</engineerTo>
<adequatelyNormalized>NO</adequatelyNormalized>
<expectedVolumes>0</expectedVolumes>
<fwdEngineeringStrategyName>Single Table</fwdEngineeringStrategyName>
<growthPercent>0</growthPercent>
<growthType>Year</growthType>
<maxVolumes>9999999</maxVolumes>
<minVolumes>0</minVolumes>
<normalForm>Third</normalForm>
<attributes itemClass="oracle.dbtools.crest.model.design.logical.Attribute">
<Attribute name="trailer_class_no" id="131349C8-B0A2-C71B-129C-DDDDB90CF9EC">
<createdBy>thong</createdBy>
<createdTime>2022-09-12 03:01:41 UTC</createdTime>
<commentInRDBMS><![CDATA[Trailer class number.]]></commentInRDBMS>
<ownerDesignName>monh_oraclemodel</ownerDesignName>
<engineerTo>
<item key="1162F746-1B36-7F67-C683-D4D9104FB559" value="true"/>
</engineerTo>
<useDomainConstraints>false</useDomainConstraints>
<use>1</use>
<logicalDatatype>LOGDT024</logicalDatatype>
<dataTypeSize>3</dataTypeSize>
<ownDataTypeParameters>3,,</ownDataTypeParameters>
</Attribute>
<Attribute name="trailer_class_daily_hire_rate" id="30208879-0A55-A845-4C06-CBDB1383CE90">
<createdBy>thong</createdBy>
<createdTime>2022-09-12 03:01:42 UTC</createdTime>
<commentInRDBMS><![CDATA[Daily hire rate of trailer class.]]></commentInRDBMS>
<ownerDesignName>monh_oraclemodel</ownerDesignName>
<engineerTo>
<item key="1162F746-1B36-7F67-C683-D4D9104FB559" value="true"/>
</engineerTo>
<useDomainConstraints>false</useDomainConstraints>
<use>1</use>
<logicalDatatype>LOGDT019</logicalDatatype>
<dataTypePrecision>3</dataTypePrecision>
<dataTypeScale>2</dataTypeScale>
<ownDataTypeParameters>,3,2</ownDataTypeParameters>
</Attribute>
</attributes>
<identifiers itemClass="oracle.dbtools.crest.model.design.logical.CandidateKey">
<identifier id="46067333-A875-90A3-1701-A937357A1ADE" name="TRAILER_CLASS PK">
<createdBy>thong</createdBy>
<createdTime>2022-09-12 03:02:26 UTC</createdTime>
<ownerDesignName>monh_oraclemodel</ownerDesignName>
<engineerTo>
<item key="1162F746-1B36-7F67-C683-D4D9104FB559" value="true"/>
</engineerTo>
<pk>true</pk>
<usedAttributes>
<attributeRef>131349C8-B0A2-C71B-129C-DDDDB90CF9EC</attributeRef>
</usedAttributes>
</identifier>
</identifiers>
</Entity>
