<?xml version = '1.0' encoding = 'UTF-8'?>
<Entity class="oracle.dbtools.crest.model.design.logical.Entity" directorySegmentName="seg_0" id="0F4244EA-BD32-9B51-ACF7-61C4B09D125C" name="JOB">
<createdBy>thong</createdBy>
<createdTime>2022-09-12 03:03:28 UTC</createdTime>
<ownerDesignName>monh_oraclemodel</ownerDesignName>
<engineerTo>
<item key="1162F746-1B36-7F67-C683-D4D9104FB559" value="true"/>
</engineerTo>
<adequatelyNormalized>NO</adequatelyNormalized>
<expectedVolumes>0</expectedVolumes>
<fwdEngineeringStrategyName>Single Table</fwdEngineeringStrategyName>
<growthPercent>0</growthPercent>
<growthType>Year</growthType>
<maxVolumes>9999999</maxVolumes>
<minVolumes>0</minVolumes>
<normalForm>Third</normalForm>
<attributes itemClass="oracle.dbtools.crest.model.design.logical.Attribute">
<Attribute name="job_no" id="1F70EE16-8007-3C56-30E5-394C55BECD37">
<createdBy>thong</createdBy>
<createdTime>2022-09-12 03:03:52 UTC</createdTime>
<commentInRDBMS><![CDATA[Job number.]]></commentInRDBMS>
<ownerDesignName>monh_oraclemodel</ownerDesignName>
<engineerTo>
<item key="1162F746-1B36-7F67-C683-D4D9104FB559" value="true"/>
</engineerTo>
<useDomainConstraints>false</useDomainConstraints>
<use>1</use>
<logicalDatatype>LOGDT019</logicalDatatype>
<dataTypePrecision>4</dataTypePrecision>
<ownDataTypeParameters>,4,</ownDataTypeParameters>
</Attribute>
<Attribute name="job_pickup_datetime" id="003D724B-4D71-3125-8A71-D83C186C5238">
<createdBy>thong</createdBy>
<createdTime>2022-09-12 03:03:52 UTC</createdTime>
<commentInRDBMS><![CDATA[Job pickup date and time.]]></commentInRDBMS>
<ownerDesignName>monh_oraclemodel</ownerDesignName>
<engineerTo>
<item key="1162F746-1B36-7F67-C683-D4D9104FB559" value="true"/>
</engineerTo>
<useDomainConstraints>false</useDomainConstraints>
<use>1</use>
<logicalDatatype>LOGDT007</logicalDatatype>
<ownDataTypeParameters>,,</ownDataTypeParameters>
</Attribute>
<Attribute name="job_intended_drop_datetime" id="84250158-73C5-4AE6-B5F9-DA5D008F3CAA">
<createdBy>thong</createdBy>
<createdTime>2022-09-12 03:03:52 UTC</createdTime>
<commentInRDBMS><![CDATA[Job intended drop off date and time.]]></commentInRDBMS>
<ownerDesignName>monh_oraclemodel</ownerDesignName>
<engineerTo>
<item key="1162F746-1B36-7F67-C683-D4D9104FB559" value="true"/>
</engineerTo>
<useDomainConstraints>false</useDomainConstraints>
<use>1</use>
<logicalDatatype>LOGDT007</logicalDatatype>
<ownDataTypeParameters>,,</ownDataTypeParameters>
</Attribute>
<Attribute name="job_actual_drop_datetime" id="AC065436-7A39-F559-38CA-AFC03175BA75">
<createdBy>thong</createdBy>
<createdTime>2022-09-12 03:03:52 UTC</createdTime>
<commentInRDBMS><![CDATA[Job actual drop off date and time.]]></commentInRDBMS>
<ownerDesignName>monh_oraclemodel</ownerDesignName>
<engineerTo>
<item key="1162F746-1B36-7F67-C683-D4D9104FB559" value="true"/>
</engineerTo>
<useDomainConstraints>false</useDomainConstraints>
<use>1</use>
<logicalDatatype>LOGDT007</logicalDatatype>
<ownDataTypeParameters>,,</ownDataTypeParameters>
</Attribute>
<Attribute name="job_has_paid" id="BE9EC9F0-C79F-B174-1B9F-3536C25BA862">
<createdBy>thong</createdBy>
<createdTime>2022-09-12 03:06:17 UTC</createdTime>
<commentInRDBMS><![CDATA[Whether customer has paid for the job: T is yes, F is no.]]></commentInRDBMS>
<ownerDesignName>monh_oraclemodel</ownerDesignName>
<engineerTo>
<item key="1162F746-1B36-7F67-C683-D4D9104FB559" value="true"/>
</engineerTo>
<constraintName>chk_job_has_paid</constraintName>
<useDomainConstraints>false</useDomainConstraints>
<use>1</use>
<logicalDatatype>LOGDT025</logicalDatatype>
<dataTypeSize>1</dataTypeSize>
<listOfValues>
<valueDef value="F" description="False"/>
<valueDef value="T" description="True"/>
</listOfValues>
<ownDataTypeParameters>1,,</ownDataTypeParameters>
</Attribute>
<Attribute name="job_cost" id="0349D7F0-B814-5A01-BD18-63C3897BD417">
<createdBy>thong</createdBy>
<createdTime>2022-09-12 03:07:10 UTC</createdTime>
<commentInRDBMS><![CDATA[Job cost (if different from quote cost).]]></commentInRDBMS>
<ownerDesignName>monh_oraclemodel</ownerDesignName>
<engineerTo>
<item key="1162F746-1B36-7F67-C683-D4D9104FB559" value="true"/>
</engineerTo>
<nullsAllowed>true</nullsAllowed>
<useDomainConstraints>false</useDomainConstraints>
<use>1</use>
<logicalDatatype>LOGDT019</logicalDatatype>
<dataTypePrecision>4</dataTypePrecision>
<dataTypeScale>2</dataTypeScale>
<ownDataTypeParameters>,4,2</ownDataTypeParameters>
</Attribute>
<Attribute name="job_paid_date" id="A6EE69CF-CA75-24DC-D4B6-D8476BD33799">
<createdBy>thong</createdBy>
<createdTime>2022-09-12 03:08:53 UTC</createdTime>
<commentInRDBMS><![CDATA[Date of job payment.]]></commentInRDBMS>
<ownerDesignName>monh_oraclemodel</ownerDesignName>
<engineerTo>
<item key="1162F746-1B36-7F67-C683-D4D9104FB559" value="true"/>
</engineerTo>
<useDomainConstraints>false</useDomainConstraints>
<use>1</use>
<logicalDatatype>LOGDT007</logicalDatatype>
<ownDataTypeParameters>,,</ownDataTypeParameters>
</Attribute>
<Attribute name="quote_no" id="762E60B2-F038-E734-95E1-451EB6824876">
<createdBy>thong</createdBy>
<createdTime>2022-09-12 03:52:28 UTC</createdTime>
<commentInRDBMS><![CDATA[Quote number.]]></commentInRDBMS>
<generatorID>705826D7-7E47-2B02-CECC-24A7A63EA952</generatorID>
<ownerDesignName>monh_oraclemodel</ownerDesignName>
<engineerTo>
<item key="1162F746-1B36-7F67-C683-D4D9104FB559" value="true"/>
</engineerTo>
<referedAttribute>6073F4A5-C6A8-6918-ECC1-4948CC7EDCC4</referedAttribute>
<useDomainConstraints>false</useDomainConstraints>
<use>1</use>
<logicalDatatype>LOGDT019</logicalDatatype>
<dataTypePrecision>4</dataTypePrecision>
<ownDataTypeParameters>,4,</ownDataTypeParameters>
</Attribute>
<Attribute name="combo_code" id="04468880-33D7-9EE6-82D0-40D80A2AB36F">
<createdBy>sunny</createdBy>
<createdTime>2022-09-12 15:10:56 UTC</createdTime>
<generatorID>EF8B82B5-813E-F9C3-5B78-ADD87F074CFF</generatorID>
<ownerDesignName>monh_oraclemodel</ownerDesignName>
<engineerTo>
<item key="1162F746-1B36-7F67-C683-D4D9104FB559" value="true"/>
</engineerTo>
<referedAttribute>69A48716-65D5-6F6A-E051-8C865B7B3AEA</referedAttribute>
<useDomainConstraints>false</useDomainConstraints>
<use>1</use>
<logicalDatatype>LOGDT024</logicalDatatype>
<dataTypeSize>3</dataTypeSize>
<ownDataTypeParameters>3,,</ownDataTypeParameters>
</Attribute>
<Attribute name="job_clerk_emp_no" id="8965A685-A1B2-19EE-D711-2DCBDDD01842">
<createdBy>thong</createdBy>
<createdTime>2022-09-12 04:12:51 UTC</createdTime>
<commentInRDBMS><![CDATA[Employee number.]]></commentInRDBMS>
<generatorID>17990B29-D633-A78D-FD24-6F021B9628FF</generatorID>
<ownerDesignName>monh_oraclemodel</ownerDesignName>
<engineerTo>
<item key="1162F746-1B36-7F67-C683-D4D9104FB559" value="true"/>
</engineerTo>
<referedAttribute>2FE23C53-F484-C715-BFBB-019B69AC862E</referedAttribute>
<useDomainConstraints>false</useDomainConstraints>
<use>1</use>
<logicalDatatype>LOGDT019</logicalDatatype>
<dataTypePrecision>3</dataTypePrecision>
<ownDataTypeParameters>,3,</ownDataTypeParameters>
</Attribute>
<Attribute name="job_driver_emp_no" id="7458BAAD-5730-57E1-5B6D-94851C11C241">
<createdBy>thong</createdBy>
<createdTime>2022-09-12 04:15:08 UTC</createdTime>
<commentInRDBMS><![CDATA[Employee number.]]></commentInRDBMS>
<generatorID>4D8D887E-B5DB-8CE0-A7A2-7175A48E9F97</generatorID>
<ownerDesignName>monh_oraclemodel</ownerDesignName>
<engineerTo>
<item key="1162F746-1B36-7F67-C683-D4D9104FB559" value="true"/>
</engineerTo>
<referedAttribute>2FE23C53-F484-C715-BFBB-019B69AC862E</referedAttribute>
<useDomainConstraints>false</useDomainConstraints>
<use>1</use>
<logicalDatatype>LOGDT019</logicalDatatype>
<dataTypePrecision>3</dataTypePrecision>
<ownDataTypeParameters>,3,</ownDataTypeParameters>
</Attribute>
<Attribute name="job_mechanic_emp_no" id="BF58A634-97EB-7D40-E11F-C8D6D603A474">
<createdBy>thong</createdBy>
<createdTime>2022-09-12 04:18:03 UTC</createdTime>
<commentInRDBMS><![CDATA[Employee number.]]></commentInRDBMS>
<generatorID>9E7FFDE5-D2AF-80CB-8969-CD666112DD48</generatorID>
<ownerDesignName>monh_oraclemodel</ownerDesignName>
<engineerTo>
<item key="1162F746-1B36-7F67-C683-D4D9104FB559" value="true"/>
</engineerTo>
<referedAttribute>2FE23C53-F484-C715-BFBB-019B69AC862E</referedAttribute>
<useDomainConstraints>false</useDomainConstraints>
<use>1</use>
<logicalDatatype>LOGDT019</logicalDatatype>
<dataTypePrecision>3</dataTypePrecision>
<ownDataTypeParameters>,3,</ownDataTypeParameters>
</Attribute>
</attributes>
<identifiers itemClass="oracle.dbtools.crest.model.design.logical.CandidateKey">
<identifier id="9D750C63-2405-2803-13B3-558131071596" name="JOB PK">
<createdBy>thong</createdBy>
<createdTime>2022-09-12 03:04:15 UTC</createdTime>
<ownerDesignName>monh_oraclemodel</ownerDesignName>
<engineerTo>
<item key="1162F746-1B36-7F67-C683-D4D9104FB559" value="true"/>
</engineerTo>
<pk>true</pk>
<usedAttributes>
<attributeRef>1F70EE16-8007-3C56-30E5-394C55BECD37</attributeRef>
</usedAttributes>
</identifier>
</identifiers>
</Entity>
