<?xml version = '1.0' encoding = 'UTF-8'?>
<Entity class="oracle.dbtools.crest.model.design.logical.Entity" directorySegmentName="seg_0" id="15CC82D8-58DB-6601-3E35-F1A8EEEFA11D" name="CUSTOMER">
<createdBy>thong</createdBy>
<createdTime>2022-09-12 03:15:59 UTC</createdTime>
<ownerDesignName>monh_oraclemodel</ownerDesignName>
<engineerTo>
<item key="1162F746-1B36-7F67-C683-D4D9104FB559" value="true"/>
</engineerTo>
<adequatelyNormalized>NO</adequatelyNormalized>
<expectedVolumes>0</expectedVolumes>
<fwdEngineeringStrategyName>Single Table</fwdEngineeringStrategyName>
<growthPercent>0</growthPercent>
<growthType>Year</growthType>
<maxVolumes>9999999</maxVolumes>
<minVolumes>0</minVolumes>
<normalForm>Third</normalForm>
<attributes itemClass="oracle.dbtools.crest.model.design.logical.Attribute">
<Attribute name="cust_no" id="07D863F1-170E-7943-ABB1-7D4A927EE325">
<createdBy>thong</createdBy>
<createdTime>2022-09-12 03:16:05 UTC</createdTime>
<commentInRDBMS><![CDATA[Customer number.]]></commentInRDBMS>
<ownerDesignName>monh_oraclemodel</ownerDesignName>
<engineerTo>
<item key="1162F746-1B36-7F67-C683-D4D9104FB559" value="true"/>
</engineerTo>
<useDomainConstraints>false</useDomainConstraints>
<use>1</use>
<logicalDatatype>LOGDT019</logicalDatatype>
<dataTypePrecision>5</dataTypePrecision>
<ownDataTypeParameters>,5,</ownDataTypeParameters>
</Attribute>
<Attribute name="cust_fname" id="5F55367D-BC18-891F-8F31-3C725BF04DDB">
<createdBy>thong</createdBy>
<createdTime>2022-09-12 03:16:05 UTC</createdTime>
<commentInRDBMS><![CDATA[Customer family name.]]></commentInRDBMS>
<ownerDesignName>monh_oraclemodel</ownerDesignName>
<engineerTo>
<item key="1162F746-1B36-7F67-C683-D4D9104FB559" value="true"/>
</engineerTo>
<useDomainConstraints>false</useDomainConstraints>
<use>1</use>
<logicalDatatype>LOGDT024</logicalDatatype>
<dataTypeSize>20</dataTypeSize>
<ownDataTypeParameters>20,,</ownDataTypeParameters>
</Attribute>
<Attribute name="cust_gname" id="EDE9689B-57BD-E4D4-30F0-0A75D33AABA8">
<createdBy>thong</createdBy>
<createdTime>2022-09-12 03:16:05 UTC</createdTime>
<commentInRDBMS><![CDATA[Customer given name.]]></commentInRDBMS>
<ownerDesignName>monh_oraclemodel</ownerDesignName>
<engineerTo>
<item key="1162F746-1B36-7F67-C683-D4D9104FB559" value="true"/>
</engineerTo>
<useDomainConstraints>false</useDomainConstraints>
<use>1</use>
<logicalDatatype>LOGDT024</logicalDatatype>
<dataTypeSize>20</dataTypeSize>
<ownDataTypeParameters>20,,</ownDataTypeParameters>
</Attribute>
<Attribute name="cust_bname" id="01290D2A-BCCB-87B8-0362-095E7D08D8C6">
<createdBy>thong</createdBy>
<createdTime>2022-09-12 03:16:05 UTC</createdTime>
<commentInRDBMS><![CDATA[Customer business name.]]></commentInRDBMS>
<ownerDesignName>monh_oraclemodel</ownerDesignName>
<engineerTo>
<item key="1162F746-1B36-7F67-C683-D4D9104FB559" value="true"/>
</engineerTo>
<nullsAllowed>true</nullsAllowed>
<useDomainConstraints>false</useDomainConstraints>
<use>1</use>
<logicalDatatype>LOGDT024</logicalDatatype>
<dataTypeSize>20</dataTypeSize>
<ownDataTypeParameters>20,,</ownDataTypeParameters>
</Attribute>
<Attribute name="cust_address" id="9984E4B4-85D3-4C41-99FB-D5A7AF5C9431">
<createdBy>thong</createdBy>
<createdTime>2022-09-12 03:16:06 UTC</createdTime>
<commentInRDBMS><![CDATA[Customer address.]]></commentInRDBMS>
<ownerDesignName>monh_oraclemodel</ownerDesignName>
<engineerTo>
<item key="1162F746-1B36-7F67-C683-D4D9104FB559" value="true"/>
</engineerTo>
<useDomainConstraints>false</useDomainConstraints>
<use>1</use>
<logicalDatatype>LOGDT024</logicalDatatype>
<dataTypeSize>50</dataTypeSize>
<ownDataTypeParameters>50,,</ownDataTypeParameters>
</Attribute>
<Attribute name="cust_contactno" id="3C21E82A-0065-74FD-5DC9-0540087CD562">
<createdBy>thong</createdBy>
<createdTime>2022-09-12 03:16:08 UTC</createdTime>
<commentInRDBMS><![CDATA[Customer contact number.]]></commentInRDBMS>
<ownerDesignName>monh_oraclemodel</ownerDesignName>
<engineerTo>
<item key="1162F746-1B36-7F67-C683-D4D9104FB559" value="true"/>
</engineerTo>
<useDomainConstraints>false</useDomainConstraints>
<use>1</use>
<logicalDatatype>LOGDT024</logicalDatatype>
<dataTypeSize>15</dataTypeSize>
<ownDataTypeParameters>15,,</ownDataTypeParameters>
</Attribute>
</attributes>
<identifiers itemClass="oracle.dbtools.crest.model.design.logical.CandidateKey">
<identifier id="F0287AA8-932F-0A40-6BE5-63610686A337" name="CUSTOMER PK">
<createdBy>thong</createdBy>
<createdTime>2022-09-12 03:17:17 UTC</createdTime>
<ownerDesignName>monh_oraclemodel</ownerDesignName>
<engineerTo>
<item key="1162F746-1B36-7F67-C683-D4D9104FB559" value="true"/>
</engineerTo>
<pk>true</pk>
<usedAttributes>
<attributeRef>07D863F1-170E-7943-ABB1-7D4A927EE325</attributeRef>
</usedAttributes>
</identifier>
</identifiers>
</Entity>
