<?xml version = '1.0' encoding = 'UTF-8'?>
<Entity class="oracle.dbtools.crest.model.design.logical.Entity" directorySegmentName="seg_0" id="2546B835-FF27-8C0A-548F-3D932FED0B8B" name="TRAILER">
<createdBy>thong</createdBy>
<createdTime>2022-09-12 02:54:21 UTC</createdTime>
<ownerDesignName>monh_oraclemodel</ownerDesignName>
<engineerTo>
<item key="1162F746-1B36-7F67-C683-D4D9104FB559" value="true"/>
</engineerTo>
<adequatelyNormalized>NO</adequatelyNormalized>
<expectedVolumes>0</expectedVolumes>
<fwdEngineeringStrategyName>Single Table</fwdEngineeringStrategyName>
<growthPercent>0</growthPercent>
<growthType>Year</growthType>
<maxVolumes>9999999</maxVolumes>
<minVolumes>0</minVolumes>
<normalForm>Third</normalForm>
<attributes itemClass="oracle.dbtools.crest.model.design.logical.Attribute">
<Attribute name="trailer_id_code" id="D12F2F78-1FF3-1FD9-4C97-98F467C7D922">
<createdBy>thong</createdBy>
<createdTime>2022-09-12 02:54:37 UTC</createdTime>
<commentInRDBMS><![CDATA[Trailer ID code.]]></commentInRDBMS>
<ownerDesignName>monh_oraclemodel</ownerDesignName>
<engineerTo>
<item key="1162F746-1B36-7F67-C683-D4D9104FB559" value="true"/>
</engineerTo>
<useDomainConstraints>false</useDomainConstraints>
<use>1</use>
<logicalDatatype>LOGDT025</logicalDatatype>
<dataTypeSize>5</dataTypeSize>
<ownDataTypeParameters>5,,</ownDataTypeParameters>
</Attribute>
<Attribute name="trailer_purchase_date" id="5E665735-642E-5C40-A27C-D9F3B3D82AB1">
<createdBy>thong</createdBy>
<createdTime>2022-09-12 02:54:37 UTC</createdTime>
<commentInRDBMS><![CDATA[Trailer purchase date.]]></commentInRDBMS>
<ownerDesignName>monh_oraclemodel</ownerDesignName>
<engineerTo>
<item key="1162F746-1B36-7F67-C683-D4D9104FB559" value="true"/>
</engineerTo>
<useDomainConstraints>false</useDomainConstraints>
<use>1</use>
<logicalDatatype>LOGDT007</logicalDatatype>
<ownDataTypeParameters>,,</ownDataTypeParameters>
</Attribute>
<Attribute name="trailer_purchase_cost" id="E101ADBC-8F50-D3C4-BC3E-AE53E7027AFE">
<createdBy>thong</createdBy>
<createdTime>2022-09-12 02:54:37 UTC</createdTime>
<commentInRDBMS><![CDATA[Trailer purchase cost.]]></commentInRDBMS>
<ownerDesignName>monh_oraclemodel</ownerDesignName>
<engineerTo>
<item key="1162F746-1B36-7F67-C683-D4D9104FB559" value="true"/>
</engineerTo>
<useDomainConstraints>false</useDomainConstraints>
<use>1</use>
<logicalDatatype>LOGDT019</logicalDatatype>
<dataTypePrecision>6</dataTypePrecision>
<dataTypeScale>2</dataTypeScale>
<ownDataTypeParameters>,6,2</ownDataTypeParameters>
</Attribute>
<Attribute name="trailer_type_no" id="6866E6E1-0997-0D1C-2A23-DF69167E43E9">
<createdBy>sunny</createdBy>
<createdTime>2022-09-12 15:18:03 UTC</createdTime>
<commentInRDBMS><![CDATA[Trailer type number (surrogate key derived from trailer_type_manufacturer and trailer_type_model).]]></commentInRDBMS>
<generatorID>CC087D3D-ED35-844C-C433-9BBC74264DDE</generatorID>
<ownerDesignName>monh_oraclemodel</ownerDesignName>
<engineerTo>
<item key="1162F746-1B36-7F67-C683-D4D9104FB559" value="true"/>
</engineerTo>
<referedAttribute>339E4A47-8224-39EE-9DEB-D32DE2B04D54</referedAttribute>
<useDomainConstraints>false</useDomainConstraints>
<use>1</use>
<logicalDatatype>LOGDT019</logicalDatatype>
<dataTypePrecision>3</dataTypePrecision>
<ownDataTypeParameters>,,</ownDataTypeParameters>
</Attribute>
</attributes>
<identifiers itemClass="oracle.dbtools.crest.model.design.logical.CandidateKey">
<identifier id="5A77E45A-4CB7-65F0-6E10-ACC68BB22AAD" name="TRAILER PK">
<createdBy>thong</createdBy>
<createdTime>2022-09-12 02:55:30 UTC</createdTime>
<ownerDesignName>monh_oraclemodel</ownerDesignName>
<engineerTo>
<item key="1162F746-1B36-7F67-C683-D4D9104FB559" value="true"/>
</engineerTo>
<pk>true</pk>
<usedAttributes>
<attributeRef>D12F2F78-1FF3-1FD9-4C97-98F467C7D922</attributeRef>
</usedAttributes>
</identifier>
</identifiers>
</Entity>
