<?xml version = '1.0' encoding = 'UTF-8'?>
<Entity class="oracle.dbtools.crest.model.design.logical.Entity" directorySegmentName="seg_0" id="2BEB8F55-BE19-2449-F899-5FA9ABB2DE37" name="TRUCK">
<createdBy>aliciang</createdBy>
<createdTime>2022-09-09 07:32:29 UTC</createdTime>
<ownerDesignName>monh_oraclemodel</ownerDesignName>
<engineerTo>
<item key="1162F746-1B36-7F67-C683-D4D9104FB559" value="true"/>
</engineerTo>
<adequatelyNormalized>NO</adequatelyNormalized>
<expectedVolumes>0</expectedVolumes>
<fwdEngineeringStrategyName>Single Table</fwdEngineeringStrategyName>
<growthPercent>0</growthPercent>
<growthType>Year</growthType>
<maxVolumes>9999999</maxVolumes>
<minVolumes>0</minVolumes>
<normalForm>Third</normalForm>
<attributes itemClass="oracle.dbtools.crest.model.design.logical.Attribute">
<Attribute name="truck_vehicle_id_no" id="BF6AAAC6-53A9-5B54-F681-E154A5354317">
<createdBy>aliciang</createdBy>
<createdTime>2022-09-09 07:33:36 UTC</createdTime>
<commentInRDBMS><![CDATA[Truck's Identification Number (VIN)]]></commentInRDBMS>
<ownerDesignName>monh_oraclemodel</ownerDesignName>
<engineerTo>
<item key="1162F746-1B36-7F67-C683-D4D9104FB559" value="true"/>
</engineerTo>
<useDomainConstraints>false</useDomainConstraints>
<use>1</use>
<logicalDatatype>LOGDT025</logicalDatatype>
<dataTypeSize>17</dataTypeSize>
<ownDataTypeParameters>17,,</ownDataTypeParameters>
</Attribute>
<Attribute name="truck_vehicle_reg_no" id="4D6D40A9-73EC-B2A0-6407-BF6BE1C4B931">
<createdBy>aliciang</createdBy>
<createdTime>2022-09-09 07:37:33 UTC</createdTime>
<commentInRDBMS><![CDATA[Truck's Registration Number]]></commentInRDBMS>
<ownerDesignName>monh_oraclemodel</ownerDesignName>
<engineerTo>
<item key="1162F746-1B36-7F67-C683-D4D9104FB559" value="true"/>
</engineerTo>
<useDomainConstraints>false</useDomainConstraints>
<use>1</use>
<logicalDatatype>LOGDT025</logicalDatatype>
<dataTypeSize>9</dataTypeSize>
<ownDataTypeParameters>9,,</ownDataTypeParameters>
</Attribute>
<Attribute name="truck_km_travelled" id="E76210D6-D19E-8D7F-8A99-BF47D925E56A">
<createdBy>aliciang</createdBy>
<createdTime>2022-09-09 07:38:47 UTC</createdTime>
<commentInRDBMS><![CDATA[Number of kilometers the truck travelled]]></commentInRDBMS>
<ownerDesignName>monh_oraclemodel</ownerDesignName>
<engineerTo>
<item key="1162F746-1B36-7F67-C683-D4D9104FB559" value="true"/>
</engineerTo>
<useDomainConstraints>false</useDomainConstraints>
<use>1</use>
<logicalDatatype>LOGDT019</logicalDatatype>
<dataTypePrecision>5</dataTypePrecision>
<ownDataTypeParameters>,5,</ownDataTypeParameters>
</Attribute>
<Attribute name="truck_km_reading" id="0EDD7A4D-851A-1065-B33B-768C2BB12A9C">
<createdBy>aliciang</createdBy>
<createdTime>2022-09-09 07:39:25 UTC</createdTime>
<commentInRDBMS><![CDATA[Truck's kilometer reading of the last service ]]></commentInRDBMS>
<ownerDesignName>monh_oraclemodel</ownerDesignName>
<engineerTo>
<item key="1162F746-1B36-7F67-C683-D4D9104FB559" value="true"/>
</engineerTo>
<nullsAllowed>true</nullsAllowed>
<useDomainConstraints>false</useDomainConstraints>
<use>1</use>
<logicalDatatype>LOGDT019</logicalDatatype>
<dataTypePrecision>5</dataTypePrecision>
<ownDataTypeParameters>,5,</ownDataTypeParameters>
</Attribute>
<Attribute name="truck_purchase_date" id="5F6F5BE8-5CDF-7C43-5F87-B75F763B3EF8">
<createdBy>aliciang</createdBy>
<createdTime>2022-09-09 07:39:40 UTC</createdTime>
<commentInRDBMS><![CDATA[The date the truck was purchased]]></commentInRDBMS>
<ownerDesignName>monh_oraclemodel</ownerDesignName>
<engineerTo>
<item key="1162F746-1B36-7F67-C683-D4D9104FB559" value="true"/>
</engineerTo>
<useDomainConstraints>false</useDomainConstraints>
<use>1</use>
<logicalDatatype>LOGDT007</logicalDatatype>
<ownDataTypeParameters>,,</ownDataTypeParameters>
</Attribute>
<Attribute name="truck_purchase_cost" id="33C744E3-5C7A-BA50-3821-7A0B2A0E05EF">
<createdBy>aliciang</createdBy>
<createdTime>2022-09-09 07:39:50 UTC</createdTime>
<commentInRDBMS><![CDATA[The purchase cost of the truck]]></commentInRDBMS>
<ownerDesignName>monh_oraclemodel</ownerDesignName>
<engineerTo>
<item key="1162F746-1B36-7F67-C683-D4D9104FB559" value="true"/>
</engineerTo>
<useDomainConstraints>false</useDomainConstraints>
<use>1</use>
<logicalDatatype>LOGDT019</logicalDatatype>
<dataTypePrecision>8</dataTypePrecision>
<dataTypeScale>2</dataTypeScale>
<ownDataTypeParameters>,8,2</ownDataTypeParameters>
</Attribute>
<Attribute name="truck_type_no" id="BB6559CC-CA4C-DFD0-C146-0D0EED48C5EA">
<createdBy>sunny</createdBy>
<createdTime>2022-09-12 15:28:35 UTC</createdTime>
<commentInRDBMS><![CDATA[Truck type number (surrogate key derived from truck_type_make and truck_type_model).]]></commentInRDBMS>
<generatorID>2B3F42BA-7245-F8D0-6312-A6C2450489CA</generatorID>
<ownerDesignName>monh_oraclemodel</ownerDesignName>
<engineerTo>
<item key="1162F746-1B36-7F67-C683-D4D9104FB559" value="true"/>
</engineerTo>
<referedAttribute>AFFD9FF9-AD91-9B9E-E289-AF5B92841615</referedAttribute>
<useDomainConstraints>false</useDomainConstraints>
<use>1</use>
<logicalDatatype>LOGDT019</logicalDatatype>
<dataTypePrecision>3</dataTypePrecision>
<ownDataTypeParameters>,,</ownDataTypeParameters>
</Attribute>
</attributes>
<identifiers itemClass="oracle.dbtools.crest.model.design.logical.CandidateKey">
<identifier id="8720F1E5-0970-134D-E9D1-A5F0697A474E" name="TRUCK PK">
<createdBy>aliciang</createdBy>
<createdTime>2022-09-09 07:37:11 UTC</createdTime>
<ownerDesignName>monh_oraclemodel</ownerDesignName>
<engineerTo>
<item key="1162F746-1B36-7F67-C683-D4D9104FB559" value="true"/>
</engineerTo>
<pk>true</pk>
<usedAttributes>
<attributeRef>BF6AAAC6-53A9-5B54-F681-E154A5354317</attributeRef>
</usedAttributes>
</identifier>
</identifiers>
</Entity>
