<?xml version = '1.0' encoding = 'UTF-8'?>
<Entity class="oracle.dbtools.crest.model.design.logical.Entity" directorySegmentName="seg_0" id="2E093245-B5B9-BAF5-1A0D-0F9A5CBB9107" name="TRUCK_CLASS">
<createdBy>thong</createdBy>
<createdTime>2022-09-12 02:49:57 UTC</createdTime>
<ownerDesignName>monh_oraclemodel</ownerDesignName>
<engineerTo>
<item key="1162F746-1B36-7F67-C683-D4D9104FB559" value="true"/>
</engineerTo>
<adequatelyNormalized>NO</adequatelyNormalized>
<expectedVolumes>0</expectedVolumes>
<fwdEngineeringStrategyName>Single Table</fwdEngineeringStrategyName>
<growthPercent>0</growthPercent>
<growthType>Year</growthType>
<maxVolumes>9999999</maxVolumes>
<minVolumes>0</minVolumes>
<normalForm>Third</normalForm>
<attributes itemClass="oracle.dbtools.crest.model.design.logical.Attribute">
<Attribute name="truck_class_no" id="04BA5E6D-C35D-6D91-490E-D047B7D5202E">
<createdBy>thong</createdBy>
<createdTime>2022-09-12 02:50:17 UTC</createdTime>
<commentInRDBMS><![CDATA[Truck class number.]]></commentInRDBMS>
<ownerDesignName>monh_oraclemodel</ownerDesignName>
<engineerTo>
<item key="1162F746-1B36-7F67-C683-D4D9104FB559" value="true"/>
</engineerTo>
<useDomainConstraints>false</useDomainConstraints>
<use>1</use>
<logicalDatatype>LOGDT019</logicalDatatype>
<dataTypePrecision>1</dataTypePrecision>
<ownDataTypeParameters>,1,</ownDataTypeParameters>
</Attribute>
<Attribute name="truck_class_driver_hire_rate" id="01DB3B8E-90F6-1B5D-1B73-682447667E66">
<createdBy>thong</createdBy>
<createdTime>2022-09-12 02:50:17 UTC</createdTime>
<commentInRDBMS><![CDATA[Driver hire rate of truck class.]]></commentInRDBMS>
<ownerDesignName>monh_oraclemodel</ownerDesignName>
<engineerTo>
<item key="1162F746-1B36-7F67-C683-D4D9104FB559" value="true"/>
</engineerTo>
<useDomainConstraints>false</useDomainConstraints>
<use>1</use>
<logicalDatatype>LOGDT019</logicalDatatype>
<dataTypePrecision>3</dataTypePrecision>
<dataTypeScale>2</dataTypeScale>
<ownDataTypeParameters>,3,2</ownDataTypeParameters>
</Attribute>
<Attribute name="truck_class_daily_hire_rate" id="80800861-3584-0B80-1F41-85721EBFA62F">
<createdBy>thong</createdBy>
<createdTime>2022-09-12 02:50:18 UTC</createdTime>
<commentInRDBMS><![CDATA[Daily hire rate of truck class.]]></commentInRDBMS>
<ownerDesignName>monh_oraclemodel</ownerDesignName>
<engineerTo>
<item key="1162F746-1B36-7F67-C683-D4D9104FB559" value="true"/>
</engineerTo>
<useDomainConstraints>false</useDomainConstraints>
<use>1</use>
<logicalDatatype>LOGDT019</logicalDatatype>
<dataTypePrecision>3</dataTypePrecision>
<dataTypeScale>2</dataTypeScale>
<ownDataTypeParameters>,3,2</ownDataTypeParameters>
</Attribute>
</attributes>
<identifiers itemClass="oracle.dbtools.crest.model.design.logical.CandidateKey">
<identifier id="2F26385E-F8FC-3A29-A044-6A396747736B" name="TRUCK_CLASS PK">
<createdBy>thong</createdBy>
<createdTime>2022-09-12 02:51:40 UTC</createdTime>
<ownerDesignName>monh_oraclemodel</ownerDesignName>
<engineerTo>
<item key="1162F746-1B36-7F67-C683-D4D9104FB559" value="true"/>
</engineerTo>
<pk>true</pk>
<usedAttributes>
<attributeRef>04BA5E6D-C35D-6D91-490E-D047B7D5202E</attributeRef>
</usedAttributes>
</identifier>
</identifiers>
</Entity>
