<?xml version = '1.0' encoding = 'UTF-8'?>
<Entity class="oracle.dbtools.crest.model.design.logical.Entity" directorySegmentName="seg_0" id="37F7C7B9-9226-83AD-BDDF-EF27A29728B0" name="TRUCK_TYPE">
<createdBy>thong</createdBy>
<createdTime>2022-09-12 02:44:59 UTC</createdTime>
<ownerDesignName>monh_oraclemodel</ownerDesignName>
<engineerTo>
<item key="1162F746-1B36-7F67-C683-D4D9104FB559" value="true"/>
</engineerTo>
<adequatelyNormalized>NO</adequatelyNormalized>
<expectedVolumes>0</expectedVolumes>
<fwdEngineeringStrategyName>Single Table</fwdEngineeringStrategyName>
<growthPercent>0</growthPercent>
<growthType>Year</growthType>
<maxVolumes>9999999</maxVolumes>
<minVolumes>0</minVolumes>
<normalForm>Third</normalForm>
<attributes itemClass="oracle.dbtools.crest.model.design.logical.Attribute">
<Attribute name="truck_type_no" id="AFFD9FF9-AD91-9B9E-E289-AF5B92841615">
<createdBy>sunny</createdBy>
<createdTime>2022-09-12 15:28:01 UTC</createdTime>
<commentInRDBMS><![CDATA[Truck type number (surrogate key derived from truck_type_make and truck_type_model).]]></commentInRDBMS>
<ownerDesignName>monh_oraclemodel</ownerDesignName>
<engineerTo>
<item key="1162F746-1B36-7F67-C683-D4D9104FB559" value="true"/>
</engineerTo>
<useDomainConstraints>false</useDomainConstraints>
<use>1</use>
<logicalDatatype>LOGDT019</logicalDatatype>
<dataTypePrecision>3</dataTypePrecision>
<ownDataTypeParameters>,3,</ownDataTypeParameters>
</Attribute>
<Attribute name="truck_type_make" id="6CF45C7F-C8F3-4DA6-7975-F0BC5DCDDA9D">
<createdBy>thong</createdBy>
<createdTime>2022-09-12 02:45:19 UTC</createdTime>
<commentInRDBMS><![CDATA[Make of truck type.]]></commentInRDBMS>
<ownerDesignName>monh_oraclemodel</ownerDesignName>
<engineerTo>
<item key="1162F746-1B36-7F67-C683-D4D9104FB559" value="true"/>
</engineerTo>
<useDomainConstraints>false</useDomainConstraints>
<use>1</use>
<logicalDatatype>LOGDT024</logicalDatatype>
<dataTypeSize>20</dataTypeSize>
<ownDataTypeParameters>20,,</ownDataTypeParameters>
</Attribute>
<Attribute name="truck_type_model" id="13FF9C52-61F0-8287-C008-22FCE4E12568">
<createdBy>thong</createdBy>
<createdTime>2022-09-12 02:45:20 UTC</createdTime>
<commentInRDBMS><![CDATA[Model of truck type.]]></commentInRDBMS>
<ownerDesignName>monh_oraclemodel</ownerDesignName>
<engineerTo>
<item key="1162F746-1B36-7F67-C683-D4D9104FB559" value="true"/>
</engineerTo>
<useDomainConstraints>false</useDomainConstraints>
<use>1</use>
<logicalDatatype>LOGDT024</logicalDatatype>
<dataTypeSize>20</dataTypeSize>
<ownDataTypeParameters>20,,</ownDataTypeParameters>
</Attribute>
<Attribute name="truck_class_no" id="B73400D8-3C58-4498-5487-EA658E4FB2FF">
<createdBy>thong</createdBy>
<createdTime>2022-09-12 03:43:26 UTC</createdTime>
<commentInRDBMS><![CDATA[Truck class number.]]></commentInRDBMS>
<generatorID>07126CF0-9C36-F827-77E1-E0845663DCE6</generatorID>
<ownerDesignName>monh_oraclemodel</ownerDesignName>
<engineerTo>
<item key="1162F746-1B36-7F67-C683-D4D9104FB559" value="true"/>
</engineerTo>
<referedAttribute>04BA5E6D-C35D-6D91-490E-D047B7D5202E</referedAttribute>
<useDomainConstraints>false</useDomainConstraints>
<use>1</use>
<logicalDatatype>LOGDT019</logicalDatatype>
<dataTypePrecision>1</dataTypePrecision>
<ownDataTypeParameters>,,</ownDataTypeParameters>
</Attribute>
</attributes>
<identifiers itemClass="oracle.dbtools.crest.model.design.logical.CandidateKey">
<identifier id="FE933915-B16E-A01E-F460-5690BC5D1934" name="TRUCK_TYPE PK">
<createdBy>thong</createdBy>
<createdTime>2022-09-12 02:45:53 UTC</createdTime>
<ownerDesignName>monh_oraclemodel</ownerDesignName>
<engineerTo>
<item key="1162F746-1B36-7F67-C683-D4D9104FB559" value="true"/>
</engineerTo>
<pk>true</pk>
<usedAttributes>
<attributeRef>AFFD9FF9-AD91-9B9E-E289-AF5B92841615</attributeRef>
</usedAttributes>
</identifier>
<identifier id="12BD5FD1-F17D-7D4B-FDCA-366053468CF0" name="TRUCK_TYPE NK">
<createdBy>sunny</createdBy>
<createdTime>2022-09-12 15:29:15 UTC</createdTime>
<ownerDesignName>monh_oraclemodel</ownerDesignName>
<engineerTo>
<item key="1162F746-1B36-7F67-C683-D4D9104FB559" value="true"/>
</engineerTo>
<newElementsIDs>6CF45C7F-C8F3-4DA6-7975-F0BC5DCDDA9D,13FF9C52-61F0-8287-C008-22FCE4E12568</newElementsIDs>
<usedAttributes>
<attributeRef>6CF45C7F-C8F3-4DA6-7975-F0BC5DCDDA9D</attributeRef>
<attributeRef>13FF9C52-61F0-8287-C008-22FCE4E12568</attributeRef>
</usedAttributes>
</identifier>
</identifiers>
</Entity>
