<?xml version = '1.0' encoding = 'UTF-8'?>
<Entity class="oracle.dbtools.crest.model.design.logical.Entity" directorySegmentName="seg_0" id="5BD00D5C-9A5B-9A57-F129-37347AE7E45E" name="QUOTE_COMBO">
<createdBy>sunny</createdBy>
<createdTime>2022-09-13 03:32:26 UTC</createdTime>
<ownerDesignName>monh_oraclemodel</ownerDesignName>
<engineerTo>
<item key="1162F746-1B36-7F67-C683-D4D9104FB559" value="true"/>
</engineerTo>
<adequatelyNormalized>NO</adequatelyNormalized>
<expectedVolumes>0</expectedVolumes>
<fwdEngineeringStrategyName>Single Table</fwdEngineeringStrategyName>
<growthPercent>0</growthPercent>
<growthType>Year</growthType>
<maxVolumes>9999999</maxVolumes>
<minVolumes>0</minVolumes>
<normalForm>Third</normalForm>
<attributes itemClass="oracle.dbtools.crest.model.design.logical.Attribute">
<Attribute name="quote_combo_id" id="4E46BB32-6356-B7BB-9F76-45A39151DBFB">
<createdBy>sunny</createdBy>
<createdTime>2022-09-13 03:41:36 UTC</createdTime>
<commentInRDBMS><![CDATA[Combo and quote purpose number (surrogate key dervied from combo_code and quote_purpoes_no).]]></commentInRDBMS>
<ownerDesignName>monh_oraclemodel</ownerDesignName>
<engineerTo>
<item key="1162F746-1B36-7F67-C683-D4D9104FB559" value="true"/>
</engineerTo>
<useDomainConstraints>false</useDomainConstraints>
<use>1</use>
<logicalDatatype>LOGDT019</logicalDatatype>
<dataTypePrecision>4</dataTypePrecision>
<ownDataTypeParameters>,4,</ownDataTypeParameters>
</Attribute>
<Attribute name="combo_code" id="D304DA70-8504-82FF-CB3B-B272CD407CB1">
<createdBy>sunny</createdBy>
<createdTime>2022-09-13 03:35:06 UTC</createdTime>
<generatorID>9CD767C6-7793-75E0-3A9A-6DD651D5338D</generatorID>
<ownerDesignName>monh_oraclemodel</ownerDesignName>
<engineerTo>
<item key="1162F746-1B36-7F67-C683-D4D9104FB559" value="true"/>
</engineerTo>
<referedAttribute>69A48716-65D5-6F6A-E051-8C865B7B3AEA</referedAttribute>
<useDomainConstraints>false</useDomainConstraints>
<use>1</use>
<logicalDatatype>LOGDT024</logicalDatatype>
<dataTypeSize>3</dataTypeSize>
<ownDataTypeParameters>,,</ownDataTypeParameters>
</Attribute>
<Attribute name="quote_purpose_no" id="F527289C-71F8-093C-E799-5EE5760AA34C">
<createdBy>sunny</createdBy>
<createdTime>2022-09-13 03:37:15 UTC</createdTime>
<commentInRDBMS><![CDATA[Quote purpose number.]]></commentInRDBMS>
<generatorID>5A6A0A76-03DD-39CC-E8BE-1CFFCBDE98C6</generatorID>
<ownerDesignName>monh_oraclemodel</ownerDesignName>
<engineerTo>
<item key="1162F746-1B36-7F67-C683-D4D9104FB559" value="true"/>
</engineerTo>
<referedAttribute>F316816B-8D19-28A5-CF27-5A463FC0CC15</referedAttribute>
<useDomainConstraints>false</useDomainConstraints>
<use>1</use>
<logicalDatatype>LOGDT019</logicalDatatype>
<dataTypePrecision>4</dataTypePrecision>
<ownDataTypeParameters>,,</ownDataTypeParameters>
</Attribute>
</attributes>
<identifiers itemClass="oracle.dbtools.crest.model.design.logical.CandidateKey">
<identifier id="B9B9931E-923F-E0CF-9EBD-BAA779281C6A" name="QUOTE_COMBO PK">
<createdBy>sunny</createdBy>
<createdTime>2022-09-13 03:42:02 UTC</createdTime>
<ownerDesignName>monh_oraclemodel</ownerDesignName>
<engineerTo>
<item key="1162F746-1B36-7F67-C683-D4D9104FB559" value="true"/>
</engineerTo>
<pk>true</pk>
<usedAttributes>
<attributeRef>4E46BB32-6356-B7BB-9F76-45A39151DBFB</attributeRef>
</usedAttributes>
</identifier>
<identifier id="4201C40A-1CC4-C1F8-DAD5-A98227839A4D" name="QUOTE_COMBO NK">
<createdBy>sunny</createdBy>
<createdTime>2022-09-13 03:44:52 UTC</createdTime>
<ownerDesignName>monh_oraclemodel</ownerDesignName>
<engineerTo>
<item key="1162F746-1B36-7F67-C683-D4D9104FB559" value="true"/>
</engineerTo>
<newElementsIDs>D304DA70-8504-82FF-CB3B-B272CD407CB1,F527289C-71F8-093C-E799-5EE5760AA34C</newElementsIDs>
<usedAttributes>
<attributeRef>D304DA70-8504-82FF-CB3B-B272CD407CB1</attributeRef>
<attributeRef>F527289C-71F8-093C-E799-5EE5760AA34C</attributeRef>
</usedAttributes>
</identifier>
</identifiers>
</Entity>
