<?xml version = '1.0' encoding = 'UTF-8'?>
<Entity class="oracle.dbtools.crest.model.design.logical.Entity" directorySegmentName="seg_0" id="6FA5149C-AD87-F66C-D7F8-D66D3C897631" name="COMBO">
<createdBy>thong</createdBy>
<createdTime>2022-09-12 03:30:38 UTC</createdTime>
<ownerDesignName>monh_oraclemodel</ownerDesignName>
<engineerTo>
<item key="1162F746-1B36-7F67-C683-D4D9104FB559" value="true"/>
</engineerTo>
<adequatelyNormalized>NO</adequatelyNormalized>
<expectedVolumes>0</expectedVolumes>
<fwdEngineeringStrategyName>Single Table</fwdEngineeringStrategyName>
<growthPercent>0</growthPercent>
<growthType>Year</growthType>
<maxVolumes>9999999</maxVolumes>
<minVolumes>0</minVolumes>
<normalForm>Third</normalForm>
<attributes itemClass="oracle.dbtools.crest.model.design.logical.Attribute">
<Attribute name="combo_code" id="69A48716-65D5-6F6A-E051-8C865B7B3AEA">
<createdBy>thong</createdBy>
<createdTime>2022-09-12 03:30:44 UTC</createdTime>
<ownerDesignName>monh_oraclemodel</ownerDesignName>
<engineerTo>
<item key="1162F746-1B36-7F67-C683-D4D9104FB559" value="true"/>
</engineerTo>
<useDomainConstraints>false</useDomainConstraints>
<use>1</use>
<logicalDatatype>LOGDT024</logicalDatatype>
<dataTypeSize>3</dataTypeSize>
<ownDataTypeParameters>3,,</ownDataTypeParameters>
</Attribute>
<Attribute name="truck_vehicle_id_no" id="A23E0BDC-DDC0-2A96-5697-F4F268113ADC">
<createdBy>sunny</createdBy>
<createdTime>2022-09-12 14:26:04 UTC</createdTime>
<commentInRDBMS><![CDATA[Truck's Identification Number (VIN)]]></commentInRDBMS>
<generatorID>8AE48F37-023E-A2D5-EEE2-5C00361FE1B1</generatorID>
<ownerDesignName>monh_oraclemodel</ownerDesignName>
<engineerTo>
<item key="1162F746-1B36-7F67-C683-D4D9104FB559" value="true"/>
</engineerTo>
<referedAttribute>BF6AAAC6-53A9-5B54-F681-E154A5354317</referedAttribute>
<useDomainConstraints>false</useDomainConstraints>
<use>1</use>
<logicalDatatype>LOGDT025</logicalDatatype>
<dataTypeSize>17</dataTypeSize>
<ownDataTypeParameters>17,,</ownDataTypeParameters>
</Attribute>
<Attribute name="trailer_id_code" id="0333D886-5ECC-112C-1449-F689A6F3B07E">
<createdBy>sunny</createdBy>
<createdTime>2022-09-12 14:31:13 UTC</createdTime>
<commentInRDBMS><![CDATA[Trailer ID code.]]></commentInRDBMS>
<generatorID>7E1A8013-67E1-2FD5-A489-4C95F90905ED</generatorID>
<ownerDesignName>monh_oraclemodel</ownerDesignName>
<engineerTo>
<item key="1162F746-1B36-7F67-C683-D4D9104FB559" value="true"/>
</engineerTo>
<referedAttribute>D12F2F78-1FF3-1FD9-4C97-98F467C7D922</referedAttribute>
<useDomainConstraints>false</useDomainConstraints>
<use>1</use>
<logicalDatatype>LOGDT025</logicalDatatype>
<dataTypeSize>5</dataTypeSize>
<ownDataTypeParameters>5,,</ownDataTypeParameters>
</Attribute>
</attributes>
<identifiers itemClass="oracle.dbtools.crest.model.design.logical.CandidateKey">
<identifier id="45568939-410E-6BEE-88DC-9DB02272A2F4" name="COMBO PK">
<createdBy>thong</createdBy>
<createdTime>2022-09-12 03:31:02 UTC</createdTime>
<ownerDesignName>monh_oraclemodel</ownerDesignName>
<engineerTo>
<item key="1162F746-1B36-7F67-C683-D4D9104FB559" value="true"/>
</engineerTo>
<pk>true</pk>
<usedAttributes>
<attributeRef>69A48716-65D5-6F6A-E051-8C865B7B3AEA</attributeRef>
</usedAttributes>
</identifier>
</identifiers>
</Entity>
