<?xml version = '1.0' encoding = 'UTF-8'?>
<Entity class="oracle.dbtools.crest.model.design.logical.Entity" directorySegmentName="seg_0" id="C631BC22-2E88-AD77-0647-D8C720F4F229" name="QUOTE_PURPOSE">
<createdBy>thong</createdBy>
<createdTime>2022-09-12 03:29:15 UTC</createdTime>
<ownerDesignName>monh_oraclemodel</ownerDesignName>
<engineerTo>
<item key="1162F746-1B36-7F67-C683-D4D9104FB559" value="true"/>
</engineerTo>
<adequatelyNormalized>NO</adequatelyNormalized>
<expectedVolumes>0</expectedVolumes>
<fwdEngineeringStrategyName>Single Table</fwdEngineeringStrategyName>
<growthPercent>0</growthPercent>
<growthType>Year</growthType>
<maxVolumes>9999999</maxVolumes>
<minVolumes>0</minVolumes>
<normalForm>Third</normalForm>
<attributes itemClass="oracle.dbtools.crest.model.design.logical.Attribute">
<Attribute name="quote_purpose_no" id="F316816B-8D19-28A5-CF27-5A463FC0CC15">
<createdBy>thong</createdBy>
<createdTime>2022-09-12 03:29:36 UTC</createdTime>
<commentInRDBMS><![CDATA[Quote purpose number.]]></commentInRDBMS>
<ownerDesignName>monh_oraclemodel</ownerDesignName>
<engineerTo>
<item key="1162F746-1B36-7F67-C683-D4D9104FB559" value="true"/>
</engineerTo>
<useDomainConstraints>false</useDomainConstraints>
<use>1</use>
<logicalDatatype>LOGDT019</logicalDatatype>
<dataTypePrecision>4</dataTypePrecision>
<ownDataTypeParameters>,4,</ownDataTypeParameters>
</Attribute>
<Attribute name="quote_purpose_desc" id="2D37DFBB-0EA6-7D08-A9EE-216FEC55D621">
<createdBy>thong</createdBy>
<createdTime>2022-09-12 03:29:36 UTC</createdTime>
<commentInRDBMS><![CDATA[Quote purpose description.]]></commentInRDBMS>
<ownerDesignName>monh_oraclemodel</ownerDesignName>
<engineerTo>
<item key="1162F746-1B36-7F67-C683-D4D9104FB559" value="true"/>
</engineerTo>
<useDomainConstraints>false</useDomainConstraints>
<use>1</use>
<logicalDatatype>LOGDT024</logicalDatatype>
<dataTypeSize>50</dataTypeSize>
<ownDataTypeParameters>50,,</ownDataTypeParameters>
</Attribute>
</attributes>
<identifiers itemClass="oracle.dbtools.crest.model.design.logical.CandidateKey">
<identifier id="AAB084CD-68D1-E3FE-1242-4683CF35F40D" name="QUOTE_PURPOSE PK">
<createdBy>thong</createdBy>
<createdTime>2022-09-12 03:29:59 UTC</createdTime>
<ownerDesignName>monh_oraclemodel</ownerDesignName>
<engineerTo>
<item key="1162F746-1B36-7F67-C683-D4D9104FB559" value="true"/>
</engineerTo>
<pk>true</pk>
<usedAttributes>
<attributeRef>F316816B-8D19-28A5-CF27-5A463FC0CC15</attributeRef>
</usedAttributes>
</identifier>
</identifiers>
</Entity>
