<?xml version = '1.0' encoding = 'UTF-8'?>
<Entity class="oracle.dbtools.crest.model.design.logical.Entity" directorySegmentName="seg_0" id="CA9EE839-400A-15DD-B04C-5DAAE44BABA6" name="EMPLOYEE">
<createdBy>thong</createdBy>
<createdTime>2022-09-12 03:22:41 UTC</createdTime>
<ownerDesignName>monh_oraclemodel</ownerDesignName>
<engineerTo>
<item key="1162F746-1B36-7F67-C683-D4D9104FB559" value="true"/>
</engineerTo>
<adequatelyNormalized>NO</adequatelyNormalized>
<expectedVolumes>0</expectedVolumes>
<fwdEngineeringStrategyName>Single Table</fwdEngineeringStrategyName>
<growthPercent>0</growthPercent>
<growthType>Year</growthType>
<maxVolumes>9999999</maxVolumes>
<minVolumes>0</minVolumes>
<normalForm>Third</normalForm>
<attributes itemClass="oracle.dbtools.crest.model.design.logical.Attribute">
<Attribute name="emp_no" id="2FE23C53-F484-C715-BFBB-019B69AC862E">
<createdBy>thong</createdBy>
<createdTime>2022-09-12 03:22:48 UTC</createdTime>
<commentInRDBMS><![CDATA[Employee number.]]></commentInRDBMS>
<ownerDesignName>monh_oraclemodel</ownerDesignName>
<engineerTo>
<item key="1162F746-1B36-7F67-C683-D4D9104FB559" value="true"/>
</engineerTo>
<useDomainConstraints>false</useDomainConstraints>
<use>1</use>
<logicalDatatype>LOGDT019</logicalDatatype>
<dataTypePrecision>3</dataTypePrecision>
<ownDataTypeParameters>,3,</ownDataTypeParameters>
</Attribute>
<Attribute name="emp_fname" id="A1855D78-49C9-991E-776D-0CD5495B8937">
<createdBy>thong</createdBy>
<createdTime>2022-09-12 03:22:48 UTC</createdTime>
<commentInRDBMS><![CDATA[Employee first name.]]></commentInRDBMS>
<ownerDesignName>monh_oraclemodel</ownerDesignName>
<engineerTo>
<item key="1162F746-1B36-7F67-C683-D4D9104FB559" value="true"/>
</engineerTo>
<useDomainConstraints>false</useDomainConstraints>
<use>1</use>
<logicalDatatype>LOGDT024</logicalDatatype>
<dataTypeSize>20</dataTypeSize>
<ownDataTypeParameters>20,,</ownDataTypeParameters>
</Attribute>
<Attribute name="emp_gname" id="FAD20F9E-4BE5-79F4-0D33-71D3BEFA31DE">
<createdBy>thong</createdBy>
<createdTime>2022-09-12 03:22:49 UTC</createdTime>
<commentInRDBMS><![CDATA[Employee given name.]]></commentInRDBMS>
<ownerDesignName>monh_oraclemodel</ownerDesignName>
<engineerTo>
<item key="1162F746-1B36-7F67-C683-D4D9104FB559" value="true"/>
</engineerTo>
<useDomainConstraints>false</useDomainConstraints>
<use>1</use>
<logicalDatatype>LOGDT024</logicalDatatype>
<dataTypeSize>20</dataTypeSize>
<ownDataTypeParameters>20,,</ownDataTypeParameters>
</Attribute>
<Attribute name="emp_contactno" id="CAE441BC-D328-DAB7-4C16-075B1B02B3BC">
<createdBy>thong</createdBy>
<createdTime>2022-09-12 03:22:49 UTC</createdTime>
<commentInRDBMS><![CDATA[Employee contact number.]]></commentInRDBMS>
<ownerDesignName>monh_oraclemodel</ownerDesignName>
<engineerTo>
<item key="1162F746-1B36-7F67-C683-D4D9104FB559" value="true"/>
</engineerTo>
<useDomainConstraints>false</useDomainConstraints>
<use>1</use>
<logicalDatatype>LOGDT024</logicalDatatype>
<dataTypeSize>15</dataTypeSize>
<ownDataTypeParameters>15,,</ownDataTypeParameters>
</Attribute>
<Attribute name="emp_taxfileno" id="1831310F-D686-8634-7C60-EEAA7C40B741">
<createdBy>thong</createdBy>
<createdTime>2022-09-12 03:22:49 UTC</createdTime>
<commentInRDBMS><![CDATA[Employee tax file number.]]></commentInRDBMS>
<ownerDesignName>monh_oraclemodel</ownerDesignName>
<engineerTo>
<item key="1162F746-1B36-7F67-C683-D4D9104FB559" value="true"/>
</engineerTo>
<useDomainConstraints>false</useDomainConstraints>
<use>1</use>
<logicalDatatype>LOGDT019</logicalDatatype>
<dataTypePrecision>9</dataTypePrecision>
<ownDataTypeParameters>,9,</ownDataTypeParameters>
</Attribute>
<Attribute name="emp_salary" id="2581DB2A-97B6-E369-9396-FEC3778ED635">
<createdBy>thong</createdBy>
<createdTime>2022-09-12 03:22:50 UTC</createdTime>
<commentInRDBMS><![CDATA[Employee salaray.]]></commentInRDBMS>
<ownerDesignName>monh_oraclemodel</ownerDesignName>
<engineerTo>
<item key="1162F746-1B36-7F67-C683-D4D9104FB559" value="true"/>
</engineerTo>
<useDomainConstraints>false</useDomainConstraints>
<use>1</use>
<logicalDatatype>LOGDT019</logicalDatatype>
<dataTypePrecision>6</dataTypePrecision>
<dataTypeScale>2</dataTypeScale>
<ownDataTypeParameters>,6,2</ownDataTypeParameters>
</Attribute>
<Attribute name="emp_role" id="FD9B86FF-6341-34E7-2E94-FD4FE7FB65D8">
<createdBy>thong</createdBy>
<createdTime>2022-09-12 03:22:50 UTC</createdTime>
<commentInRDBMS><![CDATA[Employee role.]]></commentInRDBMS>
<ownerDesignName>monh_oraclemodel</ownerDesignName>
<engineerTo>
<item key="1162F746-1B36-7F67-C683-D4D9104FB559" value="true"/>
</engineerTo>
<nullsAllowed>true</nullsAllowed>
<useDomainConstraints>false</useDomainConstraints>
<use>1</use>
<logicalDatatype>LOGDT024</logicalDatatype>
<dataTypeSize>20</dataTypeSize>
<ownDataTypeParameters>20,,</ownDataTypeParameters>
</Attribute>
<Attribute name="emp_licence_no" id="700463EA-5B58-4511-AD64-74181BB92CCC">
<createdBy>thong</createdBy>
<createdTime>2022-09-12 03:22:50 UTC</createdTime>
<commentInRDBMS><![CDATA[Employee licence number (for drivers).]]></commentInRDBMS>
<ownerDesignName>monh_oraclemodel</ownerDesignName>
<engineerTo>
<item key="1162F746-1B36-7F67-C683-D4D9104FB559" value="true"/>
</engineerTo>
<nullsAllowed>true</nullsAllowed>
<useDomainConstraints>false</useDomainConstraints>
<use>1</use>
<logicalDatatype>LOGDT019</logicalDatatype>
<dataTypePrecision>11</dataTypePrecision>
<ownDataTypeParameters>,11,</ownDataTypeParameters>
</Attribute>
<Attribute name="mgr_no" id="B0D10A1C-A358-78A0-31A1-9EB95C3364B4">
<createdBy>aliciang</createdBy>
<createdTime>2022-09-12 06:31:31 UTC</createdTime>
<commentInRDBMS><![CDATA[Employee number.]]></commentInRDBMS>
<generatorID>CA8CD46D-8EDB-B2EC-39EC-114A1EFB3E01</generatorID>
<ownerDesignName>monh_oraclemodel</ownerDesignName>
<engineerTo>
<item key="1162F746-1B36-7F67-C683-D4D9104FB559" value="true"/>
</engineerTo>
<nullsAllowed>true</nullsAllowed>
<referedAttribute>2FE23C53-F484-C715-BFBB-019B69AC862E</referedAttribute>
<useDomainConstraints>false</useDomainConstraints>
<use>1</use>
<logicalDatatype>LOGDT019</logicalDatatype>
<dataTypePrecision>3</dataTypePrecision>
<ownDataTypeParameters>,3,</ownDataTypeParameters>
</Attribute>
<Attribute name="truck_class_no" id="BE3DC622-7FD0-2649-FE2D-3FC548EACAE9">
<createdBy>aliciang</createdBy>
<createdTime>2022-09-12 06:35:00 UTC</createdTime>
<commentInRDBMS><![CDATA[Truck class number.]]></commentInRDBMS>
<generatorID>22B762B7-F8BC-0747-5199-B6A61B69FBB8</generatorID>
<ownerDesignName>monh_oraclemodel</ownerDesignName>
<engineerTo>
<item key="1162F746-1B36-7F67-C683-D4D9104FB559" value="true"/>
</engineerTo>
<nullsAllowed>true</nullsAllowed>
<referedAttribute>04BA5E6D-C35D-6D91-490E-D047B7D5202E</referedAttribute>
<useDomainConstraints>false</useDomainConstraints>
<use>1</use>
<logicalDatatype>LOGDT019</logicalDatatype>
<dataTypePrecision>1</dataTypePrecision>
<ownDataTypeParameters>,1,</ownDataTypeParameters>
</Attribute>
</attributes>
<identifiers itemClass="oracle.dbtools.crest.model.design.logical.CandidateKey">
<identifier id="E462556D-D71E-FD1D-48F5-2D7E2CF80146" name="EMPLOYEE PK">
<createdBy>thong</createdBy>
<createdTime>2022-09-12 03:23:20 UTC</createdTime>
<ownerDesignName>monh_oraclemodel</ownerDesignName>
<engineerTo>
<item key="1162F746-1B36-7F67-C683-D4D9104FB559" value="true"/>
</engineerTo>
<pk>true</pk>
<usedAttributes>
<attributeRef>2FE23C53-F484-C715-BFBB-019B69AC862E</attributeRef>
</usedAttributes>
</identifier>
</identifiers>
</Entity>
