<?xml version = '1.0' encoding = 'UTF-8'?>
<Entity class="oracle.dbtools.crest.model.design.logical.Entity" directorySegmentName="seg_0" id="EFCAC68D-4B36-835B-1FBE-9E019A0AED6C" name="QUOTE">
<createdBy>thong</createdBy>
<createdTime>2022-09-12 03:12:28 UTC</createdTime>
<ownerDesignName>monh_oraclemodel</ownerDesignName>
<engineerTo>
<item key="1162F746-1B36-7F67-C683-D4D9104FB559" value="true"/>
</engineerTo>
<adequatelyNormalized>NO</adequatelyNormalized>
<expectedVolumes>0</expectedVolumes>
<fwdEngineeringStrategyName>Single Table</fwdEngineeringStrategyName>
<growthPercent>0</growthPercent>
<growthType>Year</growthType>
<maxVolumes>9999999</maxVolumes>
<minVolumes>0</minVolumes>
<normalForm>Third</normalForm>
<attributes itemClass="oracle.dbtools.crest.model.design.logical.Attribute">
<Attribute name="quote_no" id="6073F4A5-C6A8-6918-ECC1-4948CC7EDCC4">
<createdBy>thong</createdBy>
<createdTime>2022-09-12 03:12:34 UTC</createdTime>
<commentInRDBMS><![CDATA[Quote number.]]></commentInRDBMS>
<ownerDesignName>monh_oraclemodel</ownerDesignName>
<engineerTo>
<item key="1162F746-1B36-7F67-C683-D4D9104FB559" value="true"/>
</engineerTo>
<useDomainConstraints>false</useDomainConstraints>
<use>1</use>
<logicalDatatype>LOGDT019</logicalDatatype>
<dataTypePrecision>4</dataTypePrecision>
<ownDataTypeParameters>,4,</ownDataTypeParameters>
</Attribute>
<Attribute name="quote_book_startdate" id="0A0D7B02-366D-DA24-916A-11A573E33B09">
<createdBy>thong</createdBy>
<createdTime>2022-09-12 03:12:34 UTC</createdTime>
<commentInRDBMS><![CDATA[Booking start date on quote.]]></commentInRDBMS>
<ownerDesignName>monh_oraclemodel</ownerDesignName>
<engineerTo>
<item key="1162F746-1B36-7F67-C683-D4D9104FB559" value="true"/>
</engineerTo>
<useDomainConstraints>false</useDomainConstraints>
<use>1</use>
<logicalDatatype>LOGDT007</logicalDatatype>
<ownDataTypeParameters>,,</ownDataTypeParameters>
</Attribute>
<Attribute name="quote_pickup_location" id="18883311-984D-66CE-5D43-33B76D5E4A0A">
<createdBy>thong</createdBy>
<createdTime>2022-09-12 03:12:34 UTC</createdTime>
<commentInRDBMS><![CDATA[Pickup location on quote.]]></commentInRDBMS>
<ownerDesignName>monh_oraclemodel</ownerDesignName>
<engineerTo>
<item key="1162F746-1B36-7F67-C683-D4D9104FB559" value="true"/>
</engineerTo>
<useDomainConstraints>false</useDomainConstraints>
<use>1</use>
<logicalDatatype>LOGDT024</logicalDatatype>
<dataTypeSize>50</dataTypeSize>
<ownDataTypeParameters>50,,</ownDataTypeParameters>
</Attribute>
<Attribute name="quote_dropoff_location" id="FF4C2EBB-5E00-2B0D-A5AB-043A8033E51A">
<createdBy>thong</createdBy>
<createdTime>2022-09-12 03:12:35 UTC</createdTime>
<commentInRDBMS><![CDATA[Drop off location on quote.]]></commentInRDBMS>
<ownerDesignName>monh_oraclemodel</ownerDesignName>
<engineerTo>
<item key="1162F746-1B36-7F67-C683-D4D9104FB559" value="true"/>
</engineerTo>
<useDomainConstraints>false</useDomainConstraints>
<use>1</use>
<logicalDatatype>LOGDT024</logicalDatatype>
<dataTypeSize>50</dataTypeSize>
<ownDataTypeParameters>50,,</ownDataTypeParameters>
</Attribute>
<Attribute name="quote_cost" id="E54E25C5-178F-7592-98A7-4DFC72BEDEA8">
<createdBy>thong</createdBy>
<createdTime>2022-09-12 03:12:35 UTC</createdTime>
<commentInRDBMS><![CDATA[Quote cost.]]></commentInRDBMS>
<ownerDesignName>monh_oraclemodel</ownerDesignName>
<engineerTo>
<item key="1162F746-1B36-7F67-C683-D4D9104FB559" value="true"/>
</engineerTo>
<useDomainConstraints>false</useDomainConstraints>
<use>1</use>
<logicalDatatype>LOGDT019</logicalDatatype>
<dataTypePrecision>4</dataTypePrecision>
<dataTypeScale>2</dataTypeScale>
<ownDataTypeParameters>,4,2</ownDataTypeParameters>
</Attribute>
<Attribute name="quote_prep_date" id="BA6D6967-69F5-1400-6220-DE4B7E1814D6">
<createdBy>thong</createdBy>
<createdTime>2022-09-12 03:12:35 UTC</createdTime>
<commentInRDBMS><![CDATA[Quote preparation date.]]></commentInRDBMS>
<ownerDesignName>monh_oraclemodel</ownerDesignName>
<engineerTo>
<item key="1162F746-1B36-7F67-C683-D4D9104FB559" value="true"/>
</engineerTo>
<useDomainConstraints>false</useDomainConstraints>
<use>1</use>
<logicalDatatype>LOGDT007</logicalDatatype>
<ownDataTypeParameters>,,</ownDataTypeParameters>
</Attribute>
<Attribute name="quote_no_of_days" id="9D850031-713A-A9D8-EA64-3D856B045FFB">
<createdBy>thong</createdBy>
<createdTime>2022-09-12 03:12:35 UTC</createdTime>
<commentInRDBMS><![CDATA[Number of days required.]]></commentInRDBMS>
<ownerDesignName>monh_oraclemodel</ownerDesignName>
<engineerTo>
<item key="1162F746-1B36-7F67-C683-D4D9104FB559" value="true"/>
</engineerTo>
<useDomainConstraints>false</useDomainConstraints>
<use>1</use>
<logicalDatatype>LOGDT019</logicalDatatype>
<dataTypePrecision>2</dataTypePrecision>
<ownDataTypeParameters>,2,</ownDataTypeParameters>
</Attribute>
<Attribute name="cust_no" id="2B31EC80-BFB6-5472-E132-53DF2ED53E28">
<createdBy>thong</createdBy>
<createdTime>2022-09-12 03:53:10 UTC</createdTime>
<commentInRDBMS><![CDATA[Customer number.]]></commentInRDBMS>
<generatorID>FBA87E4E-60B9-DCC0-5F87-1092E47373E7</generatorID>
<ownerDesignName>monh_oraclemodel</ownerDesignName>
<engineerTo>
<item key="1162F746-1B36-7F67-C683-D4D9104FB559" value="true"/>
</engineerTo>
<referedAttribute>07D863F1-170E-7943-ABB1-7D4A927EE325</referedAttribute>
<useDomainConstraints>false</useDomainConstraints>
<use>1</use>
<logicalDatatype>LOGDT019</logicalDatatype>
<dataTypePrecision>5</dataTypePrecision>
<ownDataTypeParameters>,,</ownDataTypeParameters>
</Attribute>
<Attribute name="quote_purpose_no" id="70A73C89-6D95-F535-89A4-A8FFF9B255CF">
<createdBy>aliciang</createdBy>
<createdTime>2022-09-12 05:58:35 UTC</createdTime>
<commentInRDBMS><![CDATA[Quote purpose number.]]></commentInRDBMS>
<generatorID>6F7F1E90-27EE-C17A-A6DC-20B975301532</generatorID>
<ownerDesignName>monh_oraclemodel</ownerDesignName>
<engineerTo>
<item key="1162F746-1B36-7F67-C683-D4D9104FB559" value="true"/>
</engineerTo>
<referedAttribute>F316816B-8D19-28A5-CF27-5A463FC0CC15</referedAttribute>
<useDomainConstraints>false</useDomainConstraints>
<use>1</use>
<logicalDatatype>LOGDT019</logicalDatatype>
<dataTypePrecision>4</dataTypePrecision>
<ownDataTypeParameters>,,</ownDataTypeParameters>
</Attribute>
</attributes>
<identifiers itemClass="oracle.dbtools.crest.model.design.logical.CandidateKey">
<identifier id="3D097D6E-0942-84D7-A866-F4C884CFCD56" name="QUOTE PK">
<createdBy>thong</createdBy>
<createdTime>2022-09-12 03:13:02 UTC</createdTime>
<ownerDesignName>monh_oraclemodel</ownerDesignName>
<engineerTo>
<item key="1162F746-1B36-7F67-C683-D4D9104FB559" value="true"/>
</engineerTo>
<pk>true</pk>
<usedAttributes>
<attributeRef>6073F4A5-C6A8-6918-ECC1-4948CC7EDCC4</attributeRef>
</usedAttributes>
</identifier>
</identifiers>
</Entity>
