<?xml version = '1.0' encoding = 'UTF-8'?>
<Table class="oracle.dbtools.crest.model.design.relational.Table" directorySegmentName="seg_0" id="3EBCE869-09C4-B761-4F32-CD637BC13172" name="QUOTE_COMBO">
<createdBy>sunny</createdBy>
<createdTime>2022-09-13 03:46:18 UTC</createdTime>
<generatorID>5BD00D5C-9A5B-9A57-F129-37347AE7E45E</generatorID>
<ownerDesignName>monh_oraclemodel</ownerDesignName>
<allowColumnReorder>false</allowColumnReorder>
<existDependencyGenerateInDDl>true</existDependencyGenerateInDDl>
<parsed>true</parsed>
<columns itemClass="oracle.dbtools.crest.model.design.relational.Column">
<Column name="quote_combo_id" id="184A526C-B87D-5EEB-9B84-F8B3626985A4">
<createdBy>sunny</createdBy>
<createdTime>2022-09-13 03:46:18 UTC</createdTime>
<commentInRDBMS><![CDATA[Combo and quote purpose number (surrogate key dervied from combo_code and quote_purpoes_no).]]></commentInRDBMS>
<generatorID>4E46BB32-6356-B7BB-9F76-45A39151DBFB</generatorID>
<ownerDesignName>monh_oraclemodel</ownerDesignName>
<useDomainConstraints>false</useDomainConstraints>
<use>1</use>
<logicalDatatype>LOGDT019</logicalDatatype>
<dataTypePrecision>4</dataTypePrecision>
<ownDataTypeParameters>,4,</ownDataTypeParameters>
<autoIncrementCycle>false</autoIncrementCycle>
</Column>
<Column name="combo_code" id="F0ADEA59-9FBE-7718-E696-01E9047104B8">
<createdBy>sunny</createdBy>
<createdTime>2022-09-13 03:46:18 UTC</createdTime>
<generatorID>D304DA70-8504-82FF-CB3B-B272CD407CB1</generatorID>
<ownerDesignName>monh_oraclemodel</ownerDesignName>
<useDomainConstraints>false</useDomainConstraints>
<use>1</use>
<logicalDatatype>LOGDT024</logicalDatatype>
<dataTypeSize>3</dataTypeSize>
<ownDataTypeParameters>,,</ownDataTypeParameters>
<previousColumn>false</previousColumn>
<autoIncrementCycle>false</autoIncrementCycle>
<associations>
<colAssociation fkAssociation="706A0F26-B235-2207-29DA-F6273E476DAC" referredColumn="2D85AB8D-9A6C-E69B-224B-3BBBDB1C7061"/>
</associations>
</Column>
<Column name="quote_purpose_no" id="3805AD3A-47E2-4801-79A6-EB5DBC4E72BC">
<createdBy>sunny</createdBy>
<createdTime>2022-09-13 03:46:18 UTC</createdTime>
<commentInRDBMS><![CDATA[Quote purpose number.]]></commentInRDBMS>
<generatorID>F527289C-71F8-093C-E799-5EE5760AA34C</generatorID>
<ownerDesignName>monh_oraclemodel</ownerDesignName>
<useDomainConstraints>false</useDomainConstraints>
<use>1</use>
<logicalDatatype>LOGDT019</logicalDatatype>
<dataTypePrecision>4</dataTypePrecision>
<ownDataTypeParameters>,,</ownDataTypeParameters>
<previousColumn>false</previousColumn>
<autoIncrementCycle>false</autoIncrementCycle>
<associations>
<colAssociation fkAssociation="50B9A520-9B64-8429-E19A-61DAEE8DED88" referredColumn="6E754DBB-DC3B-E6EA-EB27-13FC352FCBAC"/>
</associations>
</Column>
</columns>
<indexes itemClass="oracle.dbtools.crest.model.design.relational.Index">
<ind_PK_UK id="5BB68DFA-7628-9467-30BC-8FB7BD86AA7F" name="QUOTE_COMBO_PK">
<createdBy>sunny</createdBy>
<createdTime>2022-09-13 03:46:18 UTC</createdTime>
<generatorID>B9B9931E-923F-E0CF-9EBD-BAA779281C6A</generatorID>
<ownerDesignName>monh_oraclemodel</ownerDesignName>
<pk>true</pk>
<indexState>Primary Constraint</indexState>
<isSurrogateKey>false</isSurrogateKey>
<indexColumnUsage>
<colUsage columnID="184A526C-B87D-5EEB-9B84-F8B3626985A4"/>
</indexColumnUsage>
</ind_PK_UK>
<ind_PK_UK id="462BD6D8-9B80-D0A8-B888-B101D0C88EC0" name="QUOTE_COMBO_NK">
<createdBy>sunny</createdBy>
<createdTime>2022-09-13 03:46:18 UTC</createdTime>
<generatorID>4201C40A-1CC4-C1F8-DAD5-A98227839A4D</generatorID>
<ownerDesignName>monh_oraclemodel</ownerDesignName>
<indexState>Unique Constraint</indexState>
<isSurrogateKey>false</isSurrogateKey>
<indexColumnUsage>
<colUsage columnID="F0ADEA59-9FBE-7718-E696-01E9047104B8"/>
<colUsage columnID="3805AD3A-47E2-4801-79A6-EB5DBC4E72BC"/>
</indexColumnUsage>
</ind_PK_UK>
<ind_PK_UK id="6307B5BB-D7CB-F6D7-642D-8CFAE3208FBF" name="combo_quote_combo">
<createdBy>sunny</createdBy>
<createdTime>2022-09-13 03:46:18 UTC</createdTime>
<generatorID>9CD767C6-7793-75E0-3A9A-6DD651D5338D</generatorID>
<ownerDesignName>monh_oraclemodel</ownerDesignName>
<indexState>Foreign Key</indexState>
<isSurrogateKey>false</isSurrogateKey>
<indexColumnUsage>
<colUsage columnID="F0ADEA59-9FBE-7718-E696-01E9047104B8"/>
</indexColumnUsage>
</ind_PK_UK>
<ind_PK_UK id="962B5AF7-8945-6FF5-1E0C-09DA30EF81FE" name="quote_purpose_quote_combo">
<createdBy>sunny</createdBy>
<createdTime>2022-09-13 03:46:18 UTC</createdTime>
<generatorID>5A6A0A76-03DD-39CC-E8BE-1CFFCBDE98C6</generatorID>
<ownerDesignName>monh_oraclemodel</ownerDesignName>
<indexState>Foreign Key</indexState>
<isSurrogateKey>false</isSurrogateKey>
<indexColumnUsage>
<colUsage columnID="3805AD3A-47E2-4801-79A6-EB5DBC4E72BC"/>
</indexColumnUsage>
</ind_PK_UK>
</indexes>
</Table>
