<?xml version = '1.0' encoding = 'UTF-8'?>
<Table class="oracle.dbtools.crest.model.design.relational.Table" directorySegmentName="seg_0" id="7DBF25FF-A7F3-0FE8-F7A0-D042F026BAB1" name="CUSTOMER">
<createdBy>aliciang</createdBy>
<createdTime>2022-09-12 06:53:10 UTC</createdTime>
<generatorID>15CC82D8-58DB-6601-3E35-F1A8EEEFA11D</generatorID>
<ownerDesignName>monh_oraclemodel</ownerDesignName>
<allowColumnReorder>false</allowColumnReorder>
<existDependencyGenerateInDDl>true</existDependencyGenerateInDDl>
<parsed>true</parsed>
<columns itemClass="oracle.dbtools.crest.model.design.relational.Column">
<Column name="cust_no" id="A115058E-769A-B57E-571B-9E7DF70268E4">
<createdBy>aliciang</createdBy>
<createdTime>2022-09-12 06:53:10 UTC</createdTime>
<commentInRDBMS><![CDATA[Customer number.]]></commentInRDBMS>
<generatorID>07D863F1-170E-7943-ABB1-7D4A927EE325</generatorID>
<ownerDesignName>monh_oraclemodel</ownerDesignName>
<useDomainConstraints>false</useDomainConstraints>
<use>1</use>
<logicalDatatype>LOGDT019</logicalDatatype>
<dataTypePrecision>5</dataTypePrecision>
<ownDataTypeParameters>,5,</ownDataTypeParameters>
<autoIncrementCycle>false</autoIncrementCycle>
</Column>
<Column name="cust_fname" id="8DAC91AB-5BE2-0451-D15C-D63135D9048C">
<createdBy>aliciang</createdBy>
<createdTime>2022-09-12 06:53:10 UTC</createdTime>
<commentInRDBMS><![CDATA[Customer family name.]]></commentInRDBMS>
<generatorID>5F55367D-BC18-891F-8F31-3C725BF04DDB</generatorID>
<ownerDesignName>monh_oraclemodel</ownerDesignName>
<useDomainConstraints>false</useDomainConstraints>
<use>1</use>
<logicalDatatype>LOGDT024</logicalDatatype>
<dataTypeSize>20</dataTypeSize>
<ownDataTypeParameters>20,,</ownDataTypeParameters>
<autoIncrementCycle>false</autoIncrementCycle>
</Column>
<Column name="cust_gname" id="B1C3B06F-4559-0E8D-BEF2-CD4D6AB54EDE">
<createdBy>aliciang</createdBy>
<createdTime>2022-09-12 06:53:10 UTC</createdTime>
<commentInRDBMS><![CDATA[Customer given name.]]></commentInRDBMS>
<generatorID>EDE9689B-57BD-E4D4-30F0-0A75D33AABA8</generatorID>
<ownerDesignName>monh_oraclemodel</ownerDesignName>
<useDomainConstraints>false</useDomainConstraints>
<use>1</use>
<logicalDatatype>LOGDT024</logicalDatatype>
<dataTypeSize>20</dataTypeSize>
<ownDataTypeParameters>20,,</ownDataTypeParameters>
<autoIncrementCycle>false</autoIncrementCycle>
</Column>
<Column name="cust_bname" id="33AED56F-82D0-0A60-E27C-2BD7B70FC601">
<createdBy>aliciang</createdBy>
<createdTime>2022-09-12 06:53:10 UTC</createdTime>
<commentInRDBMS><![CDATA[Customer business name.]]></commentInRDBMS>
<generatorID>01290D2A-BCCB-87B8-0362-095E7D08D8C6</generatorID>
<ownerDesignName>monh_oraclemodel</ownerDesignName>
<nullsAllowed>true</nullsAllowed>
<useDomainConstraints>false</useDomainConstraints>
<use>1</use>
<logicalDatatype>LOGDT024</logicalDatatype>
<dataTypeSize>20</dataTypeSize>
<ownDataTypeParameters>20,,</ownDataTypeParameters>
<autoIncrementCycle>false</autoIncrementCycle>
</Column>
<Column name="cust_address" id="1A1EC883-9C16-0153-60DC-1C1D26E9796A">
<createdBy>aliciang</createdBy>
<createdTime>2022-09-12 06:53:10 UTC</createdTime>
<commentInRDBMS><![CDATA[Customer address.]]></commentInRDBMS>
<generatorID>9984E4B4-85D3-4C41-99FB-D5A7AF5C9431</generatorID>
<ownerDesignName>monh_oraclemodel</ownerDesignName>
<useDomainConstraints>false</useDomainConstraints>
<use>1</use>
<logicalDatatype>LOGDT024</logicalDatatype>
<dataTypeSize>50</dataTypeSize>
<ownDataTypeParameters>50,,</ownDataTypeParameters>
<autoIncrementCycle>false</autoIncrementCycle>
</Column>
<Column name="cust_contactno" id="C70A02CD-143A-9CD0-1F70-0568BD7421FC">
<createdBy>aliciang</createdBy>
<createdTime>2022-09-12 06:53:10 UTC</createdTime>
<commentInRDBMS><![CDATA[Customer contact number.]]></commentInRDBMS>
<generatorID>3C21E82A-0065-74FD-5DC9-0540087CD562</generatorID>
<ownerDesignName>monh_oraclemodel</ownerDesignName>
<useDomainConstraints>false</useDomainConstraints>
<use>1</use>
<logicalDatatype>LOGDT024</logicalDatatype>
<dataTypeSize>15</dataTypeSize>
<ownDataTypeParameters>15,,</ownDataTypeParameters>
<autoIncrementCycle>false</autoIncrementCycle>
</Column>
</columns>
<indexes itemClass="oracle.dbtools.crest.model.design.relational.Index">
<ind_PK_UK id="C894DFB7-7F57-25BE-D114-0178C6FD23DA" name="CUSTOMER_PK">
<createdBy>aliciang</createdBy>
<createdTime>2022-09-12 06:53:10 UTC</createdTime>
<generatorID>F0287AA8-932F-0A40-6BE5-63610686A337</generatorID>
<ownerDesignName>monh_oraclemodel</ownerDesignName>
<pk>true</pk>
<indexState>Primary Constraint</indexState>
<isSurrogateKey>false</isSurrogateKey>
<indexColumnUsage>
<colUsage columnID="A115058E-769A-B57E-571B-9E7DF70268E4"/>
</indexColumnUsage>
</ind_PK_UK>
</indexes>
</Table>
