<?xml version = '1.0' encoding = 'UTF-8'?>
<Table class="oracle.dbtools.crest.model.design.relational.Table" directorySegmentName="seg_0" id="A7079E0B-C7C3-70DE-9254-ADD360F7F8EE" name="TRUCK_TYPE">
<createdBy>aliciang</createdBy>
<createdTime>2022-09-12 06:53:10 UTC</createdTime>
<generatorID>37F7C7B9-9226-83AD-BDDF-EF27A29728B0</generatorID>
<ownerDesignName>monh_oraclemodel</ownerDesignName>
<allowColumnReorder>false</allowColumnReorder>
<existDependencyGenerateInDDl>true</existDependencyGenerateInDDl>
<parsed>true</parsed>
<columns itemClass="oracle.dbtools.crest.model.design.relational.Column">
<Column name="truck_type_make" id="CED31BC5-613F-A800-9282-3C82ED648EE6">
<createdBy>aliciang</createdBy>
<createdTime>2022-09-12 06:53:11 UTC</createdTime>
<commentInRDBMS><![CDATA[Make of truck type.]]></commentInRDBMS>
<generatorID>6CF45C7F-C8F3-4DA6-7975-F0BC5DCDDA9D</generatorID>
<ownerDesignName>monh_oraclemodel</ownerDesignName>
<useDomainConstraints>false</useDomainConstraints>
<use>1</use>
<logicalDatatype>LOGDT024</logicalDatatype>
<dataTypeSize>20</dataTypeSize>
<ownDataTypeParameters>20,,</ownDataTypeParameters>
<autoIncrementCycle>false</autoIncrementCycle>
</Column>
<Column name="truck_type_model" id="827D33BC-0EAA-F95C-92AD-6CEE252D2EE1">
<createdBy>aliciang</createdBy>
<createdTime>2022-09-12 06:53:11 UTC</createdTime>
<commentInRDBMS><![CDATA[Model of truck type.]]></commentInRDBMS>
<generatorID>13FF9C52-61F0-8287-C008-22FCE4E12568</generatorID>
<ownerDesignName>monh_oraclemodel</ownerDesignName>
<useDomainConstraints>false</useDomainConstraints>
<use>1</use>
<logicalDatatype>LOGDT024</logicalDatatype>
<dataTypeSize>20</dataTypeSize>
<ownDataTypeParameters>20,,</ownDataTypeParameters>
<autoIncrementCycle>false</autoIncrementCycle>
</Column>
<Column name="truck_class_no" id="29B8514C-7E00-B041-E78E-09D62EC88DB5">
<createdBy>aliciang</createdBy>
<createdTime>2022-09-12 06:53:11 UTC</createdTime>
<commentInRDBMS><![CDATA[Truck class number.]]></commentInRDBMS>
<generatorID>B73400D8-3C58-4498-5487-EA658E4FB2FF</generatorID>
<ownerDesignName>monh_oraclemodel</ownerDesignName>
<useDomainConstraints>false</useDomainConstraints>
<use>1</use>
<logicalDatatype>LOGDT019</logicalDatatype>
<dataTypePrecision>1</dataTypePrecision>
<ownDataTypeParameters>,1,</ownDataTypeParameters>
<previousColumn>false</previousColumn>
<autoIncrementCycle>false</autoIncrementCycle>
<associations>
<colAssociation fkAssociation="CFFA5FD7-C670-EB03-3052-B6B37094C2F0" referredColumn="C03DF5B6-EAF5-F1FC-5E9A-AF74187AE8E4"/>
</associations>
</Column>
<Column name="truck_type_no" id="4D2E84C6-4604-9C0B-761F-46DD0400881F">
<createdBy>sunny</createdBy>
<createdTime>2022-09-13 03:46:18 UTC</createdTime>
<commentInRDBMS><![CDATA[Truck type number (surrogate key derived from truck_type_make and truck_type_model).]]></commentInRDBMS>
<generatorID>AFFD9FF9-AD91-9B9E-E289-AF5B92841615</generatorID>
<ownerDesignName>monh_oraclemodel</ownerDesignName>
<useDomainConstraints>false</useDomainConstraints>
<use>1</use>
<logicalDatatype>LOGDT019</logicalDatatype>
<dataTypePrecision>3</dataTypePrecision>
<ownDataTypeParameters>,3,</ownDataTypeParameters>
<autoIncrementCycle>false</autoIncrementCycle>
</Column>
</columns>
<indexes itemClass="oracle.dbtools.crest.model.design.relational.Index">
<ind_PK_UK id="A6FB2409-07F9-616D-0DB0-33D16F97781F" name="TRUCK_TYPE_PK">
<createdBy>aliciang</createdBy>
<createdTime>2022-09-12 06:53:11 UTC</createdTime>
<generatorID>FE933915-B16E-A01E-F460-5690BC5D1934</generatorID>
<ownerDesignName>monh_oraclemodel</ownerDesignName>
<pk>true</pk>
<indexState>Primary Constraint</indexState>
<isSurrogateKey>false</isSurrogateKey>
<indexColumnUsage>
<colUsage columnID="4D2E84C6-4604-9C0B-761F-46DD0400881F"/>
</indexColumnUsage>
</ind_PK_UK>
<ind_PK_UK id="15B3C70C-0932-F810-1AA3-380C37BD7C8B" name="TRUCK_TYPE_NK">
<createdBy>sunny</createdBy>
<createdTime>2022-09-13 03:46:18 UTC</createdTime>
<generatorID>12BD5FD1-F17D-7D4B-FDCA-366053468CF0</generatorID>
<ownerDesignName>monh_oraclemodel</ownerDesignName>
<indexState>Unique Constraint</indexState>
<isSurrogateKey>false</isSurrogateKey>
<indexColumnUsage>
<colUsage columnID="CED31BC5-613F-A800-9282-3C82ED648EE6"/>
<colUsage columnID="827D33BC-0EAA-F95C-92AD-6CEE252D2EE1"/>
</indexColumnUsage>
</ind_PK_UK>
<ind_PK_UK id="96E5BC32-CDAA-A8ED-75CE-35FC8EA964AB" name="truck_type_truck_class">
<createdBy>aliciang</createdBy>
<createdTime>2022-09-12 06:53:11 UTC</createdTime>
<generatorID>07126CF0-9C36-F827-77E1-E0845663DCE6</generatorID>
<ownerDesignName>monh_oraclemodel</ownerDesignName>
<indexState>Foreign Key</indexState>
<isSurrogateKey>false</isSurrogateKey>
<indexColumnUsage>
<colUsage columnID="29B8514C-7E00-B041-E78E-09D62EC88DB5"/>
</indexColumnUsage>
</ind_PK_UK>
</indexes>
</Table>
