<?xml version = '1.0' encoding = 'UTF-8'?>
<Table class="oracle.dbtools.crest.model.design.relational.Table" directorySegmentName="seg_0" id="BCA34E16-A43D-A16D-4041-1F48F8C0B834" name="JOB">
<createdBy>aliciang</createdBy>
<createdTime>2022-09-12 06:53:10 UTC</createdTime>
<generatorID>0F4244EA-BD32-9B51-ACF7-61C4B09D125C</generatorID>
<ownerDesignName>monh_oraclemodel</ownerDesignName>
<allowColumnReorder>false</allowColumnReorder>
<existDependencyGenerateInDDl>true</existDependencyGenerateInDDl>
<parsed>true</parsed>
<columns itemClass="oracle.dbtools.crest.model.design.relational.Column">
<Column name="job_no" id="2EC83703-FA33-9B47-08BB-3EE118E1F3C8">
<createdBy>aliciang</createdBy>
<createdTime>2022-09-12 06:53:10 UTC</createdTime>
<commentInRDBMS><![CDATA[Job number.]]></commentInRDBMS>
<generatorID>1F70EE16-8007-3C56-30E5-394C55BECD37</generatorID>
<ownerDesignName>monh_oraclemodel</ownerDesignName>
<useDomainConstraints>false</useDomainConstraints>
<use>1</use>
<logicalDatatype>LOGDT019</logicalDatatype>
<dataTypePrecision>4</dataTypePrecision>
<ownDataTypeParameters>,4,</ownDataTypeParameters>
<autoIncrementCycle>false</autoIncrementCycle>
</Column>
<Column name="job_pickup_datetime" id="7796F7C1-909D-14E9-F159-886C3197C384">
<createdBy>aliciang</createdBy>
<createdTime>2022-09-12 06:53:10 UTC</createdTime>
<commentInRDBMS><![CDATA[Job pickup date and time.]]></commentInRDBMS>
<generatorID>003D724B-4D71-3125-8A71-D83C186C5238</generatorID>
<ownerDesignName>monh_oraclemodel</ownerDesignName>
<useDomainConstraints>false</useDomainConstraints>
<use>1</use>
<logicalDatatype>LOGDT007</logicalDatatype>
<ownDataTypeParameters>,,</ownDataTypeParameters>
<autoIncrementCycle>false</autoIncrementCycle>
</Column>
<Column name="job_intended_drop_datetime" id="67B66940-4968-C58D-6362-32320E2C8053">
<createdBy>aliciang</createdBy>
<createdTime>2022-09-12 06:53:10 UTC</createdTime>
<commentInRDBMS><![CDATA[Job intended drop off date and time.]]></commentInRDBMS>
<generatorID>84250158-73C5-4AE6-B5F9-DA5D008F3CAA</generatorID>
<ownerDesignName>monh_oraclemodel</ownerDesignName>
<useDomainConstraints>false</useDomainConstraints>
<use>1</use>
<logicalDatatype>LOGDT007</logicalDatatype>
<ownDataTypeParameters>,,</ownDataTypeParameters>
<autoIncrementCycle>false</autoIncrementCycle>
</Column>
<Column name="job_actual_drop_datetime" id="06960477-A6DC-8D2D-AFBC-7D8DE4D23F80">
<createdBy>aliciang</createdBy>
<createdTime>2022-09-12 06:53:10 UTC</createdTime>
<commentInRDBMS><![CDATA[Job actual drop off date and time.]]></commentInRDBMS>
<generatorID>AC065436-7A39-F559-38CA-AFC03175BA75</generatorID>
<ownerDesignName>monh_oraclemodel</ownerDesignName>
<useDomainConstraints>false</useDomainConstraints>
<use>1</use>
<logicalDatatype>LOGDT007</logicalDatatype>
<ownDataTypeParameters>,,</ownDataTypeParameters>
<autoIncrementCycle>false</autoIncrementCycle>
</Column>
<Column name="job_has_paid" id="EA6E5E31-5DB7-1782-23B1-528635A86AC9">
<createdBy>aliciang</createdBy>
<createdTime>2022-09-12 06:53:10 UTC</createdTime>
<commentInRDBMS><![CDATA[Whether customer has paid for the job: T is yes, F is no.]]></commentInRDBMS>
<generatorID>BE9EC9F0-C79F-B174-1B9F-3536C25BA862</generatorID>
<ownerDesignName>monh_oraclemodel</ownerDesignName>
<constraintName>chk_job_has_paid</constraintName>
<useDomainConstraints>false</useDomainConstraints>
<use>1</use>
<logicalDatatype>LOGDT025</logicalDatatype>
<dataTypeSize>1</dataTypeSize>
<listOfValues>
<valueDef value="F" description="False"/>
<valueDef value="T" description="True"/>
</listOfValues>
<ownDataTypeParameters>1,,</ownDataTypeParameters>
<autoIncrementCycle>false</autoIncrementCycle>
</Column>
<Column name="job_cost" id="03B3A875-8C0E-82D3-290C-AA77143A1441">
<createdBy>aliciang</createdBy>
<createdTime>2022-09-12 06:53:10 UTC</createdTime>
<commentInRDBMS><![CDATA[Job cost (if different from quote cost).]]></commentInRDBMS>
<generatorID>0349D7F0-B814-5A01-BD18-63C3897BD417</generatorID>
<ownerDesignName>monh_oraclemodel</ownerDesignName>
<nullsAllowed>true</nullsAllowed>
<useDomainConstraints>false</useDomainConstraints>
<use>1</use>
<logicalDatatype>LOGDT019</logicalDatatype>
<dataTypePrecision>4</dataTypePrecision>
<dataTypeScale>2</dataTypeScale>
<ownDataTypeParameters>,4,2</ownDataTypeParameters>
<autoIncrementCycle>false</autoIncrementCycle>
</Column>
<Column name="job_paid_date" id="C5DDCFBE-9412-807A-7A9E-41F1C104371D">
<createdBy>aliciang</createdBy>
<createdTime>2022-09-12 06:53:10 UTC</createdTime>
<commentInRDBMS><![CDATA[Date of job payment.]]></commentInRDBMS>
<generatorID>A6EE69CF-CA75-24DC-D4B6-D8476BD33799</generatorID>
<ownerDesignName>monh_oraclemodel</ownerDesignName>
<useDomainConstraints>false</useDomainConstraints>
<use>1</use>
<logicalDatatype>LOGDT007</logicalDatatype>
<ownDataTypeParameters>,,</ownDataTypeParameters>
<autoIncrementCycle>false</autoIncrementCycle>
</Column>
<Column name="quote_no" id="A5B35027-123B-021F-3336-3E4E349474F9">
<createdBy>aliciang</createdBy>
<createdTime>2022-09-12 06:53:10 UTC</createdTime>
<commentInRDBMS><![CDATA[Quote number.]]></commentInRDBMS>
<generatorID>762E60B2-F038-E734-95E1-451EB6824876</generatorID>
<ownerDesignName>monh_oraclemodel</ownerDesignName>
<useDomainConstraints>false</useDomainConstraints>
<use>1</use>
<logicalDatatype>LOGDT019</logicalDatatype>
<dataTypePrecision>4</dataTypePrecision>
<ownDataTypeParameters>,4,</ownDataTypeParameters>
<previousColumn>false</previousColumn>
<autoIncrementCycle>false</autoIncrementCycle>
<associations>
<colAssociation fkAssociation="45C96F65-7F71-04D1-4730-AFE365CCB20A" referredColumn="DC510C74-FA9B-2D62-9F5B-177C7A2759D1"/>
</associations>
</Column>
<Column name="truck_vehicle_id_no" id="2CDF7A87-A685-4CA4-B0B1-7C9948190F2F">
<createdBy>aliciang</createdBy>
<createdTime>2022-09-12 06:53:10 UTC</createdTime>
<commentInRDBMS><![CDATA[Truck's Identification Number (VIN)]]></commentInRDBMS>
<generatorID>704DD200-CAF8-0208-DFE0-54DAF77C06CA</generatorID>
<ownerDesignName>monh_oraclemodel</ownerDesignName>
<useDomainConstraints>false</useDomainConstraints>
<use>1</use>
<logicalDatatype>LOGDT025</logicalDatatype>
<dataTypeSize>17</dataTypeSize>
<ownDataTypeParameters>17,,</ownDataTypeParameters>
<previousColumn>false</previousColumn>
<autoIncrementCycle>false</autoIncrementCycle>
<associations>
<colAssociation fkAssociation="0181E7AE-1A57-2A01-F038-40293F71F754" referredColumn="2FAC69CD-6A07-22BD-149F-ACA188A1AC27"/>
</associations>
</Column>
<Column name="trailer_id_code" id="EA6F686E-AE0D-B097-CC24-746C82D11EC3">
<createdBy>aliciang</createdBy>
<createdTime>2022-09-12 06:53:10 UTC</createdTime>
<generatorID>3DBEEEC3-7420-84F6-113A-166895ADBB08</generatorID>
<ownerDesignName>monh_oraclemodel</ownerDesignName>
<useDomainConstraints>false</useDomainConstraints>
<use>1</use>
<logicalDatatype>LOGDT025</logicalDatatype>
<dataTypeSize>5</dataTypeSize>
<ownDataTypeParameters>5,,</ownDataTypeParameters>
<previousColumn>false</previousColumn>
<autoIncrementCycle>false</autoIncrementCycle>
<associations>
<colAssociation fkAssociation="CB389774-EEB4-0F70-0AA4-4D0410B58520" referredColumn="0ECBF8D3-98CC-8050-97F6-6EA6ECDA1DAF"/>
</associations>
</Column>
<Column name="job_clerk_emp_no" id="86383991-A965-C60A-D96F-3CB1EA8CE021">
<createdBy>aliciang</createdBy>
<createdTime>2022-09-12 06:53:10 UTC</createdTime>
<commentInRDBMS><![CDATA[Employee number.]]></commentInRDBMS>
<generatorID>8965A685-A1B2-19EE-D711-2DCBDDD01842</generatorID>
<ownerDesignName>monh_oraclemodel</ownerDesignName>
<useDomainConstraints>false</useDomainConstraints>
<use>1</use>
<logicalDatatype>LOGDT019</logicalDatatype>
<dataTypePrecision>3</dataTypePrecision>
<ownDataTypeParameters>,3,</ownDataTypeParameters>
<previousColumn>false</previousColumn>
<autoIncrementCycle>false</autoIncrementCycle>
<associations>
<colAssociation fkAssociation="7485C444-48C8-2AF1-D6E6-A10C7C1D619F" referredColumn="89419405-31B4-EA5E-FAC1-C59C3246094E"/>
</associations>
</Column>
<Column name="job_driver_emp_no" id="159F923D-261B-46A4-8E66-2A8F20296E71">
<createdBy>aliciang</createdBy>
<createdTime>2022-09-12 06:53:10 UTC</createdTime>
<commentInRDBMS><![CDATA[Employee number.]]></commentInRDBMS>
<generatorID>7458BAAD-5730-57E1-5B6D-94851C11C241</generatorID>
<ownerDesignName>monh_oraclemodel</ownerDesignName>
<useDomainConstraints>false</useDomainConstraints>
<use>1</use>
<logicalDatatype>LOGDT019</logicalDatatype>
<dataTypePrecision>3</dataTypePrecision>
<ownDataTypeParameters>,3,</ownDataTypeParameters>
<previousColumn>false</previousColumn>
<autoIncrementCycle>false</autoIncrementCycle>
<associations>
<colAssociation fkAssociation="ECFBA69E-9C55-DEC7-829B-C5A07C0F6436" referredColumn="89419405-31B4-EA5E-FAC1-C59C3246094E"/>
</associations>
</Column>
<Column name="job_mechanic_emp_no" id="635EC927-D445-8DC2-C4FA-B2D0B4F98B1D">
<createdBy>aliciang</createdBy>
<createdTime>2022-09-12 06:53:10 UTC</createdTime>
<commentInRDBMS><![CDATA[Employee number.]]></commentInRDBMS>
<generatorID>BF58A634-97EB-7D40-E11F-C8D6D603A474</generatorID>
<ownerDesignName>monh_oraclemodel</ownerDesignName>
<useDomainConstraints>false</useDomainConstraints>
<use>1</use>
<logicalDatatype>LOGDT019</logicalDatatype>
<dataTypePrecision>3</dataTypePrecision>
<ownDataTypeParameters>,3,</ownDataTypeParameters>
<previousColumn>false</previousColumn>
<autoIncrementCycle>false</autoIncrementCycle>
<associations>
<colAssociation fkAssociation="122950E2-D54B-678B-EFAB-47300AFECC9A" referredColumn="89419405-31B4-EA5E-FAC1-C59C3246094E"/>
</associations>
</Column>
<Column name="combo_code" id="32E9DE63-A18E-34E1-881F-9E51E2F917FA">
<createdBy>sunny</createdBy>
<createdTime>2022-09-13 03:46:18 UTC</createdTime>
<generatorID>04468880-33D7-9EE6-82D0-40D80A2AB36F</generatorID>
<ownerDesignName>monh_oraclemodel</ownerDesignName>
<useDomainConstraints>false</useDomainConstraints>
<use>1</use>
<logicalDatatype>LOGDT024</logicalDatatype>
<dataTypeSize>3</dataTypeSize>
<ownDataTypeParameters>,,</ownDataTypeParameters>
<previousColumn>false</previousColumn>
<autoIncrementCycle>false</autoIncrementCycle>
<associations>
<colAssociation fkAssociation="FAECADD4-1770-E0AA-83DF-8E97FE1A1238" referredColumn="2D85AB8D-9A6C-E69B-224B-3BBBDB1C7061"/>
</associations>
</Column>
</columns>
<indexes itemClass="oracle.dbtools.crest.model.design.relational.Index">
<ind_PK_UK id="D6F03246-D4FE-9B48-48F5-CA2AFFB0FB67" name="JOB_PK">
<createdBy>aliciang</createdBy>
<createdTime>2022-09-12 06:53:10 UTC</createdTime>
<generatorID>9D750C63-2405-2803-13B3-558131071596</generatorID>
<ownerDesignName>monh_oraclemodel</ownerDesignName>
<pk>true</pk>
<indexState>Primary Constraint</indexState>
<isSurrogateKey>false</isSurrogateKey>
<indexColumnUsage>
<colUsage columnID="2EC83703-FA33-9B47-08BB-3EE118E1F3C8"/>
</indexColumnUsage>
</ind_PK_UK>
<ind_PK_UK id="EBE83E8D-B626-0507-2CD8-70D15698E248" name="JOB__IDX">
<createdBy>aliciang</createdBy>
<createdTime>2022-09-12 06:53:11 UTC</createdTime>
<ownerDesignName>monh_oraclemodel</ownerDesignName>
<indexState>Unique Plain Index</indexState>
<isSurrogateKey>false</isSurrogateKey>
<relationGeneratorID>705826D7-7E47-2B02-CECC-24A7A63EA952</relationGeneratorID>
<indexColumnUsage>
<colUsage columnID="A5B35027-123B-021F-3336-3E4E349474F9"/>
</indexColumnUsage>
</ind_PK_UK>
<ind_PK_UK id="23D34363-4ABA-28FD-3DBF-BD6FAB9856CB" name="job_employee_clerk">
<createdBy>aliciang</createdBy>
<createdTime>2022-09-12 06:53:11 UTC</createdTime>
<generatorID>17990B29-D633-A78D-FD24-6F021B9628FF</generatorID>
<ownerDesignName>monh_oraclemodel</ownerDesignName>
<indexState>Foreign Key</indexState>
<isSurrogateKey>false</isSurrogateKey>
<indexColumnUsage>
<colUsage columnID="86383991-A965-C60A-D96F-3CB1EA8CE021"/>
</indexColumnUsage>
</ind_PK_UK>
<ind_PK_UK id="AFD2B90F-7AF4-4739-3257-A81C9740E159" name="job_employee_driver">
<createdBy>aliciang</createdBy>
<createdTime>2022-09-12 06:53:11 UTC</createdTime>
<generatorID>4D8D887E-B5DB-8CE0-A7A2-7175A48E9F97</generatorID>
<ownerDesignName>monh_oraclemodel</ownerDesignName>
<indexState>Foreign Key</indexState>
<isSurrogateKey>false</isSurrogateKey>
<indexColumnUsage>
<colUsage columnID="159F923D-261B-46A4-8E66-2A8F20296E71"/>
</indexColumnUsage>
</ind_PK_UK>
<ind_PK_UK id="4FB30378-2725-0FAD-B7EC-22940F6031EE" name="job_employee_mechanic">
<createdBy>aliciang</createdBy>
<createdTime>2022-09-12 06:53:11 UTC</createdTime>
<generatorID>9E7FFDE5-D2AF-80CB-8969-CD666112DD48</generatorID>
<ownerDesignName>monh_oraclemodel</ownerDesignName>
<indexState>Foreign Key</indexState>
<isSurrogateKey>false</isSurrogateKey>
<indexColumnUsage>
<colUsage columnID="635EC927-D445-8DC2-C4FA-B2D0B4F98B1D"/>
</indexColumnUsage>
</ind_PK_UK>
<ind_PK_UK id="1B1DA42B-A2AB-69C8-DAC9-06C584DD578F" name="job_quote">
<createdBy>aliciang</createdBy>
<createdTime>2022-09-12 06:53:11 UTC</createdTime>
<generatorID>705826D7-7E47-2B02-CECC-24A7A63EA952</generatorID>
<ownerDesignName>monh_oraclemodel</ownerDesignName>
<indexState>Foreign Key</indexState>
<isSurrogateKey>false</isSurrogateKey>
<indexColumnUsage>
<colUsage columnID="A5B35027-123B-021F-3336-3E4E349474F9"/>
</indexColumnUsage>
</ind_PK_UK>
<ind_PK_UK id="44D9EFCD-62BE-F8C5-E418-2AE7641FBE7D" name="trailer_job">
<createdBy>aliciang</createdBy>
<createdTime>2022-09-12 06:53:11 UTC</createdTime>
<generatorID>81229D5B-CC9E-5597-85BF-62DE9F91241B</generatorID>
<ownerDesignName>monh_oraclemodel</ownerDesignName>
<indexState>Foreign Key</indexState>
<isSurrogateKey>false</isSurrogateKey>
<indexColumnUsage>
<colUsage columnID="EA6F686E-AE0D-B097-CC24-746C82D11EC3"/>
</indexColumnUsage>
</ind_PK_UK>
<ind_PK_UK id="4906F1BE-7E23-1FFE-DA68-6690B737D732" name="truck_job">
<createdBy>aliciang</createdBy>
<createdTime>2022-09-12 06:53:11 UTC</createdTime>
<generatorID>BF0FE013-BD54-0AB7-DB72-82E3FFEBE3B7</generatorID>
<ownerDesignName>monh_oraclemodel</ownerDesignName>
<indexState>Foreign Key</indexState>
<isSurrogateKey>false</isSurrogateKey>
<indexColumnUsage>
<colUsage columnID="2CDF7A87-A685-4CA4-B0B1-7C9948190F2F"/>
</indexColumnUsage>
</ind_PK_UK>
<ind_PK_UK id="FFFAA18D-5F63-DC42-CBAB-636FD9651623" name="Relation_28">
<createdBy>sunny</createdBy>
<createdTime>2022-09-13 03:46:18 UTC</createdTime>
<generatorID>EF8B82B5-813E-F9C3-5B78-ADD87F074CFF</generatorID>
<ownerDesignName>monh_oraclemodel</ownerDesignName>
<indexState>Foreign Key</indexState>
<isSurrogateKey>false</isSurrogateKey>
<indexColumnUsage>
<colUsage columnID="32E9DE63-A18E-34E1-881F-9E51E2F917FA"/>
</indexColumnUsage>
</ind_PK_UK>
</indexes>
</Table>
