<?xml version = '1.0' encoding = 'UTF-8'?>
<Table class="oracle.dbtools.crest.model.design.relational.Table" directorySegmentName="seg_0" id="C06A13A1-A784-04A3-CF5D-BFF687804DF2" name="TRAILER">
<createdBy>aliciang</createdBy>
<createdTime>2022-09-12 06:53:10 UTC</createdTime>
<generatorID>2546B835-FF27-8C0A-548F-3D932FED0B8B</generatorID>
<ownerDesignName>monh_oraclemodel</ownerDesignName>
<allowColumnReorder>false</allowColumnReorder>
<existDependencyGenerateInDDl>true</existDependencyGenerateInDDl>
<parsed>true</parsed>
<columns itemClass="oracle.dbtools.crest.model.design.relational.Column">
<Column name="trailer_id_code" id="0ECBF8D3-98CC-8050-97F6-6EA6ECDA1DAF">
<createdBy>aliciang</createdBy>
<createdTime>2022-09-12 06:53:10 UTC</createdTime>
<commentInRDBMS><![CDATA[Trailer ID code.]]></commentInRDBMS>
<generatorID>D12F2F78-1FF3-1FD9-4C97-98F467C7D922</generatorID>
<ownerDesignName>monh_oraclemodel</ownerDesignName>
<useDomainConstraints>false</useDomainConstraints>
<use>1</use>
<logicalDatatype>LOGDT025</logicalDatatype>
<dataTypeSize>5</dataTypeSize>
<ownDataTypeParameters>5,,</ownDataTypeParameters>
<autoIncrementCycle>false</autoIncrementCycle>
</Column>
<Column name="trailer_purchase_date" id="92C3CF5F-165B-2544-2FA2-2335AF864496">
<createdBy>aliciang</createdBy>
<createdTime>2022-09-12 06:53:10 UTC</createdTime>
<commentInRDBMS><![CDATA[Trailer purchase date.]]></commentInRDBMS>
<generatorID>5E665735-642E-5C40-A27C-D9F3B3D82AB1</generatorID>
<ownerDesignName>monh_oraclemodel</ownerDesignName>
<useDomainConstraints>false</useDomainConstraints>
<use>1</use>
<logicalDatatype>LOGDT007</logicalDatatype>
<ownDataTypeParameters>,,</ownDataTypeParameters>
<autoIncrementCycle>false</autoIncrementCycle>
</Column>
<Column name="trailer_purchase_cost" id="151C4CDD-4312-F860-F2CB-B04818838B57">
<createdBy>aliciang</createdBy>
<createdTime>2022-09-12 06:53:10 UTC</createdTime>
<commentInRDBMS><![CDATA[Trailer purchase cost.]]></commentInRDBMS>
<generatorID>E101ADBC-8F50-D3C4-BC3E-AE53E7027AFE</generatorID>
<ownerDesignName>monh_oraclemodel</ownerDesignName>
<useDomainConstraints>false</useDomainConstraints>
<use>1</use>
<logicalDatatype>LOGDT019</logicalDatatype>
<dataTypePrecision>6</dataTypePrecision>
<dataTypeScale>2</dataTypeScale>
<ownDataTypeParameters>,6,2</ownDataTypeParameters>
<autoIncrementCycle>false</autoIncrementCycle>
</Column>
<Column name="trailer_type_manufacturer" id="AB155642-650F-32EC-3B70-53CC61185BDF">
<createdBy>aliciang</createdBy>
<createdTime>2022-09-12 06:53:10 UTC</createdTime>
<generatorID>6C5B0362-9206-EBCF-91EC-F6895EE5914D</generatorID>
<ownerDesignName>monh_oraclemodel</ownerDesignName>
<useDomainConstraints>false</useDomainConstraints>
<use>1</use>
<logicalDatatype>LOGDT024</logicalDatatype>
<dataTypeSize>20</dataTypeSize>
<ownDataTypeParameters>20,,</ownDataTypeParameters>
<previousColumn>false</previousColumn>
<autoIncrementCycle>false</autoIncrementCycle>
</Column>
<Column name="trailer_type_model" id="2A27B459-7FE4-7EAF-5679-D2B8E7FAC5F8">
<createdBy>aliciang</createdBy>
<createdTime>2022-09-12 06:53:10 UTC</createdTime>
<generatorID>524E622B-B5BB-875B-B5B1-C820F783F6E7</generatorID>
<ownerDesignName>monh_oraclemodel</ownerDesignName>
<useDomainConstraints>false</useDomainConstraints>
<use>1</use>
<logicalDatatype>LOGDT024</logicalDatatype>
<dataTypeSize>20</dataTypeSize>
<ownDataTypeParameters>20,,</ownDataTypeParameters>
<previousColumn>false</previousColumn>
<autoIncrementCycle>false</autoIncrementCycle>
</Column>
<Column name="trailer_type_no" id="9AFB031C-3B67-25E7-92B8-2DAB27EE5F0C">
<createdBy>sunny</createdBy>
<createdTime>2022-09-13 03:46:18 UTC</createdTime>
<commentInRDBMS><![CDATA[Trailer type number (surrogate key derived from trailer_type_manufacturer and trailer_type_model).]]></commentInRDBMS>
<generatorID>6866E6E1-0997-0D1C-2A23-DF69167E43E9</generatorID>
<ownerDesignName>monh_oraclemodel</ownerDesignName>
<useDomainConstraints>false</useDomainConstraints>
<use>1</use>
<logicalDatatype>LOGDT019</logicalDatatype>
<dataTypePrecision>3</dataTypePrecision>
<ownDataTypeParameters>,,</ownDataTypeParameters>
<previousColumn>false</previousColumn>
<autoIncrementCycle>false</autoIncrementCycle>
<associations>
<colAssociation fkAssociation="D38C9E77-DAB0-FADC-558E-5391DD05EA19" referredColumn="B518650C-0478-0DDA-7BFF-ECD964822D97"/>
</associations>
</Column>
</columns>
<indexes itemClass="oracle.dbtools.crest.model.design.relational.Index">
<ind_PK_UK id="DDE493F9-28A2-6471-A773-7626A15276B3" name="TRAILER_PK">
<createdBy>aliciang</createdBy>
<createdTime>2022-09-12 06:53:10 UTC</createdTime>
<generatorID>5A77E45A-4CB7-65F0-6E10-ACC68BB22AAD</generatorID>
<ownerDesignName>monh_oraclemodel</ownerDesignName>
<pk>true</pk>
<indexState>Primary Constraint</indexState>
<isSurrogateKey>false</isSurrogateKey>
<indexColumnUsage>
<colUsage columnID="0ECBF8D3-98CC-8050-97F6-6EA6ECDA1DAF"/>
</indexColumnUsage>
</ind_PK_UK>
<ind_PK_UK id="C6443F60-E49D-5A66-C380-23E810D0DF34" name="trailer_trailer_type">
<createdBy>aliciang</createdBy>
<createdTime>2022-09-12 06:53:11 UTC</createdTime>
<generatorID>CC087D3D-ED35-844C-C433-9BBC74264DDE</generatorID>
<ownerDesignName>monh_oraclemodel</ownerDesignName>
<indexState>Foreign Key</indexState>
<isSurrogateKey>false</isSurrogateKey>
<indexColumnUsage>
<colUsage columnID="9AFB031C-3B67-25E7-92B8-2DAB27EE5F0C"/>
</indexColumnUsage>
</ind_PK_UK>
</indexes>
</Table>
