<?xml version = '1.0' encoding = 'UTF-8'?>
<Table class="oracle.dbtools.crest.model.design.relational.Table" directorySegmentName="seg_0" id="E2866834-C2A0-78C7-0A99-6425C47EAA0E" name="TRAILER_TYPE">
<createdBy>aliciang</createdBy>
<createdTime>2022-09-12 06:53:10 UTC</createdTime>
<generatorID>02786C82-0F63-78D4-DCE2-C319ED74678F</generatorID>
<ownerDesignName>monh_oraclemodel</ownerDesignName>
<allowColumnReorder>false</allowColumnReorder>
<existDependencyGenerateInDDl>true</existDependencyGenerateInDDl>
<parsed>true</parsed>
<columns itemClass="oracle.dbtools.crest.model.design.relational.Column">
<Column name="trailer_type_manufacturer" id="AA7D6EFA-F763-BFB2-B576-7AA590AD7DCE">
<createdBy>aliciang</createdBy>
<createdTime>2022-09-12 06:53:10 UTC</createdTime>
<commentInRDBMS><![CDATA[Trailer type manufacturer.]]></commentInRDBMS>
<generatorID>BD5AFF14-ED84-2605-AED1-4DB3503DE806</generatorID>
<ownerDesignName>monh_oraclemodel</ownerDesignName>
<useDomainConstraints>false</useDomainConstraints>
<use>1</use>
<logicalDatatype>LOGDT024</logicalDatatype>
<dataTypeSize>20</dataTypeSize>
<ownDataTypeParameters>20,,</ownDataTypeParameters>
<autoIncrementCycle>false</autoIncrementCycle>
</Column>
<Column name="trailer_type_model" id="3F7DD5AA-2CED-A231-5F28-48AC0AA3F472">
<createdBy>aliciang</createdBy>
<createdTime>2022-09-12 06:53:10 UTC</createdTime>
<commentInRDBMS><![CDATA[Trailer type model.]]></commentInRDBMS>
<generatorID>3A64B1C1-41B2-4448-8BC3-9A4DA8014851</generatorID>
<ownerDesignName>monh_oraclemodel</ownerDesignName>
<useDomainConstraints>false</useDomainConstraints>
<use>1</use>
<logicalDatatype>LOGDT024</logicalDatatype>
<dataTypeSize>20</dataTypeSize>
<ownDataTypeParameters>20,,</ownDataTypeParameters>
<autoIncrementCycle>false</autoIncrementCycle>
</Column>
<Column name="trailer_load_capacity" id="1492C086-CCBD-910B-868D-758D439B8BF3">
<createdBy>aliciang</createdBy>
<createdTime>2022-09-12 06:53:10 UTC</createdTime>
<commentInRDBMS><![CDATA[Trailer type's load capacity.]]></commentInRDBMS>
<generatorID>A54F8AFA-B7E0-6E78-70F2-255508C2F31F</generatorID>
<ownerDesignName>monh_oraclemodel</ownerDesignName>
<useDomainConstraints>false</useDomainConstraints>
<use>1</use>
<logicalDatatype>LOGDT019</logicalDatatype>
<dataTypePrecision>5</dataTypePrecision>
<ownDataTypeParameters>,5,</ownDataTypeParameters>
<autoIncrementCycle>false</autoIncrementCycle>
</Column>
<Column name="trailer_length" id="D8F4166F-4AC5-103A-3FEB-C928E516890D">
<createdBy>aliciang</createdBy>
<createdTime>2022-09-12 06:53:10 UTC</createdTime>
<commentInRDBMS><![CDATA[Trailer length.]]></commentInRDBMS>
<generatorID>00E02120-C1EA-D3A5-8F0D-D1439DC6B508</generatorID>
<ownerDesignName>monh_oraclemodel</ownerDesignName>
<useDomainConstraints>false</useDomainConstraints>
<use>1</use>
<logicalDatatype>LOGDT019</logicalDatatype>
<dataTypePrecision>2</dataTypePrecision>
<dataTypeScale>1</dataTypeScale>
<ownDataTypeParameters>,2,1</ownDataTypeParameters>
<autoIncrementCycle>false</autoIncrementCycle>
</Column>
<Column name="trailer_class_no" id="28D68AFF-2862-539B-63BE-BD74E9D4EA5D">
<createdBy>aliciang</createdBy>
<createdTime>2022-09-12 06:53:10 UTC</createdTime>
<commentInRDBMS><![CDATA[Trailer class number.]]></commentInRDBMS>
<generatorID>7885B150-2CCC-6649-74BE-40D3BED0451C</generatorID>
<ownerDesignName>monh_oraclemodel</ownerDesignName>
<useDomainConstraints>false</useDomainConstraints>
<use>1</use>
<logicalDatatype>LOGDT024</logicalDatatype>
<dataTypeSize>3</dataTypeSize>
<ownDataTypeParameters>3,,</ownDataTypeParameters>
<previousColumn>false</previousColumn>
<autoIncrementCycle>false</autoIncrementCycle>
<associations>
<colAssociation fkAssociation="4DF03CFE-4A1A-EB38-B386-3D44BDCEC938" referredColumn="00038156-6AD7-B7C9-EDD3-C8AAB3E0AAFE"/>
</associations>
</Column>
<Column name="trailer_type_no" id="B518650C-0478-0DDA-7BFF-ECD964822D97">
<createdBy>sunny</createdBy>
<createdTime>2022-09-13 03:46:18 UTC</createdTime>
<commentInRDBMS><![CDATA[Trailer type number (surrogate key derived from trailer_type_manufacturer and trailer_type_model).]]></commentInRDBMS>
<generatorID>339E4A47-8224-39EE-9DEB-D32DE2B04D54</generatorID>
<ownerDesignName>monh_oraclemodel</ownerDesignName>
<useDomainConstraints>false</useDomainConstraints>
<use>1</use>
<logicalDatatype>LOGDT019</logicalDatatype>
<dataTypePrecision>3</dataTypePrecision>
<ownDataTypeParameters>,3,</ownDataTypeParameters>
<autoIncrementCycle>false</autoIncrementCycle>
</Column>
<Column name="trailer_width" id="B23763E5-C6C0-B710-C806-46FE2A87F5C5">
<createdBy>sunny</createdBy>
<createdTime>2022-09-13 03:46:18 UTC</createdTime>
<commentInRDBMS><![CDATA[Trailer width.]]></commentInRDBMS>
<generatorID>397A4489-1204-A18F-AE96-55F503190C14</generatorID>
<ownerDesignName>monh_oraclemodel</ownerDesignName>
<useDomainConstraints>false</useDomainConstraints>
<use>1</use>
<logicalDatatype>LOGDT019</logicalDatatype>
<dataTypePrecision>1</dataTypePrecision>
<dataTypeScale>2</dataTypeScale>
<ownDataTypeParameters>,1,2</ownDataTypeParameters>
<autoIncrementCycle>false</autoIncrementCycle>
</Column>
</columns>
<indexes itemClass="oracle.dbtools.crest.model.design.relational.Index">
<ind_PK_UK id="D03E7542-D3B3-FD38-BB98-8EC7A3990353" name="TRAILER_TYPE_PK">
<createdBy>aliciang</createdBy>
<createdTime>2022-09-12 06:53:10 UTC</createdTime>
<generatorID>7718D90F-1E0B-4A04-8B26-EFD109F466D1</generatorID>
<ownerDesignName>monh_oraclemodel</ownerDesignName>
<pk>true</pk>
<indexState>Primary Constraint</indexState>
<isSurrogateKey>false</isSurrogateKey>
<indexColumnUsage>
<colUsage columnID="B518650C-0478-0DDA-7BFF-ECD964822D97"/>
</indexColumnUsage>
</ind_PK_UK>
<ind_PK_UK id="7D9E16DD-D78B-F77D-C81B-A537F41ABABA" name="TRAILER_TYPE_NK">
<createdBy>sunny</createdBy>
<createdTime>2022-09-13 03:46:18 UTC</createdTime>
<generatorID>A948DB0A-6EAC-7774-7204-1371881E81E1</generatorID>
<ownerDesignName>monh_oraclemodel</ownerDesignName>
<indexState>Unique Constraint</indexState>
<isSurrogateKey>false</isSurrogateKey>
<indexColumnUsage>
<colUsage columnID="AA7D6EFA-F763-BFB2-B576-7AA590AD7DCE"/>
<colUsage columnID="3F7DD5AA-2CED-A231-5F28-48AC0AA3F472"/>
</indexColumnUsage>
</ind_PK_UK>
<ind_PK_UK id="537C37D5-4424-4860-B422-B62E821FDE8E" name="trailer_type_trailer_class">
<createdBy>aliciang</createdBy>
<createdTime>2022-09-12 06:53:11 UTC</createdTime>
<generatorID>CD5C4407-63F6-83EB-1D2F-F75F07482078</generatorID>
<ownerDesignName>monh_oraclemodel</ownerDesignName>
<indexState>Foreign Key</indexState>
<isSurrogateKey>false</isSurrogateKey>
<indexColumnUsage>
<colUsage columnID="28D68AFF-2862-539B-63BE-BD74E9D4EA5D"/>
</indexColumnUsage>
</ind_PK_UK>
</indexes>
</Table>
