<?xml version = '1.0' encoding = 'UTF-8'?>
<Table class="oracle.dbtools.crest.model.design.relational.Table" directorySegmentName="seg_0" id="E63A0636-33B2-EEDF-351C-168BB35149A8" name="COMBO">
<createdBy>aliciang</createdBy>
<createdTime>2022-09-12 06:53:10 UTC</createdTime>
<generatorID>6FA5149C-AD87-F66C-D7F8-D66D3C897631</generatorID>
<ownerDesignName>monh_oraclemodel</ownerDesignName>
<allowColumnReorder>false</allowColumnReorder>
<existDependencyGenerateInDDl>true</existDependencyGenerateInDDl>
<parsed>true</parsed>
<columns itemClass="oracle.dbtools.crest.model.design.relational.Column">
<Column name="combo_code" id="2D85AB8D-9A6C-E69B-224B-3BBBDB1C7061">
<createdBy>aliciang</createdBy>
<createdTime>2022-09-12 06:53:10 UTC</createdTime>
<generatorID>69A48716-65D5-6F6A-E051-8C865B7B3AEA</generatorID>
<ownerDesignName>monh_oraclemodel</ownerDesignName>
<useDomainConstraints>false</useDomainConstraints>
<use>1</use>
<logicalDatatype>LOGDT024</logicalDatatype>
<dataTypeSize>3</dataTypeSize>
<ownDataTypeParameters>3,,</ownDataTypeParameters>
<autoIncrementCycle>false</autoIncrementCycle>
</Column>
<Column name="quote_purpose_no" id="EFA63E66-D027-0094-70E6-B3E3042DB50C">
<createdBy>aliciang</createdBy>
<createdTime>2022-09-12 06:53:10 UTC</createdTime>
<generatorID>590E17CD-E6A8-8904-C139-530F0A2197BF</generatorID>
<ownerDesignName>monh_oraclemodel</ownerDesignName>
<useDomainConstraints>false</useDomainConstraints>
<use>1</use>
<logicalDatatype>LOGDT019</logicalDatatype>
<dataTypePrecision>4</dataTypePrecision>
<ownDataTypeParameters>,4,</ownDataTypeParameters>
<previousColumn>false</previousColumn>
<autoIncrementCycle>false</autoIncrementCycle>
<associations>
<colAssociation fkAssociation="76EE0F07-8A5F-5FD9-A3C4-1B117A48C19C" referredColumn="6E754DBB-DC3B-E6EA-EB27-13FC352FCBAC"/>
</associations>
</Column>
<Column name="truck_vehicle_id_no" id="6B2C799D-1DA5-F979-75AA-3976EDA1D14B">
<createdBy>sunny</createdBy>
<createdTime>2022-09-13 03:46:18 UTC</createdTime>
<commentInRDBMS><![CDATA[Truck's Identification Number (VIN)]]></commentInRDBMS>
<generatorID>A23E0BDC-DDC0-2A96-5697-F4F268113ADC</generatorID>
<ownerDesignName>monh_oraclemodel</ownerDesignName>
<useDomainConstraints>false</useDomainConstraints>
<use>1</use>
<logicalDatatype>LOGDT025</logicalDatatype>
<dataTypeSize>17</dataTypeSize>
<ownDataTypeParameters>,,</ownDataTypeParameters>
<previousColumn>false</previousColumn>
<autoIncrementCycle>false</autoIncrementCycle>
<associations>
<colAssociation fkAssociation="8E8B6EE9-23A3-AD46-12AA-C1004A229061" referredColumn="2FAC69CD-6A07-22BD-149F-ACA188A1AC27"/>
</associations>
</Column>
<Column name="trailer_id_code" id="1BD98EB5-124C-B91A-31AB-D76AC28A3199">
<createdBy>sunny</createdBy>
<createdTime>2022-09-13 03:46:18 UTC</createdTime>
<commentInRDBMS><![CDATA[Trailer ID code.]]></commentInRDBMS>
<generatorID>0333D886-5ECC-112C-1449-F689A6F3B07E</generatorID>
<ownerDesignName>monh_oraclemodel</ownerDesignName>
<useDomainConstraints>false</useDomainConstraints>
<use>1</use>
<logicalDatatype>LOGDT025</logicalDatatype>
<dataTypeSize>5</dataTypeSize>
<ownDataTypeParameters>,,</ownDataTypeParameters>
<previousColumn>false</previousColumn>
<autoIncrementCycle>false</autoIncrementCycle>
<associations>
<colAssociation fkAssociation="D86FC418-EE9E-FA0E-FEA0-451C5E8E41B5" referredColumn="0ECBF8D3-98CC-8050-97F6-6EA6ECDA1DAF"/>
</associations>
</Column>
</columns>
<indexes itemClass="oracle.dbtools.crest.model.design.relational.Index">
<ind_PK_UK id="F2F07965-36DB-EAD8-22B6-5A15588A0203" name="COMBO_PK">
<createdBy>aliciang</createdBy>
<createdTime>2022-09-12 06:53:10 UTC</createdTime>
<generatorID>45568939-410E-6BEE-88DC-9DB02272A2F4</generatorID>
<ownerDesignName>monh_oraclemodel</ownerDesignName>
<pk>true</pk>
<indexState>Primary Constraint</indexState>
<isSurrogateKey>false</isSurrogateKey>
<indexColumnUsage>
<colUsage columnID="2D85AB8D-9A6C-E69B-224B-3BBBDB1C7061"/>
</indexColumnUsage>
</ind_PK_UK>
<ind_PK_UK id="103F34A3-73A4-49F1-8D85-D55DFD41D23B" name="quote_purpose_combo">
<createdBy>aliciang</createdBy>
<createdTime>2022-09-12 06:53:11 UTC</createdTime>
<generatorID>9D61789D-4F70-9B73-A33E-76D54A4FFE25</generatorID>
<ownerDesignName>monh_oraclemodel</ownerDesignName>
<indexState>Foreign Key</indexState>
<isSurrogateKey>false</isSurrogateKey>
<indexColumnUsage>
<colUsage columnID="EFA63E66-D027-0094-70E6-B3E3042DB50C"/>
</indexColumnUsage>
</ind_PK_UK>
<ind_PK_UK id="BB2C680B-9956-0033-E9F0-696A502AE817" name="combo_trailer">
<createdBy>sunny</createdBy>
<createdTime>2022-09-13 03:46:18 UTC</createdTime>
<generatorID>7E1A8013-67E1-2FD5-A489-4C95F90905ED</generatorID>
<ownerDesignName>monh_oraclemodel</ownerDesignName>
<indexState>Foreign Key</indexState>
<isSurrogateKey>false</isSurrogateKey>
<indexColumnUsage>
<colUsage columnID="1BD98EB5-124C-B91A-31AB-D76AC28A3199"/>
</indexColumnUsage>
</ind_PK_UK>
<ind_PK_UK id="04E75820-B178-FB4D-19B6-DCC82B2A88E1" name="combo_truck">
<createdBy>sunny</createdBy>
<createdTime>2022-09-13 03:46:18 UTC</createdTime>
<generatorID>8AE48F37-023E-A2D5-EEE2-5C00361FE1B1</generatorID>
<ownerDesignName>monh_oraclemodel</ownerDesignName>
<indexState>Foreign Key</indexState>
<isSurrogateKey>false</isSurrogateKey>
<indexColumnUsage>
<colUsage columnID="6B2C799D-1DA5-F979-75AA-3976EDA1D14B"/>
</indexColumnUsage>
</ind_PK_UK>
</indexes>
</Table>
