<?xml version = '1.0' encoding = 'UTF-8'?>
<Table class="oracle.dbtools.crest.model.design.relational.Table" directorySegmentName="seg_0" id="E64F39A5-DD6A-4952-E03D-2F3B15B1C449" name="QUOTE">
<createdBy>aliciang</createdBy>
<createdTime>2022-09-12 06:53:10 UTC</createdTime>
<generatorID>EFCAC68D-4B36-835B-1FBE-9E019A0AED6C</generatorID>
<ownerDesignName>monh_oraclemodel</ownerDesignName>
<allowColumnReorder>false</allowColumnReorder>
<existDependencyGenerateInDDl>true</existDependencyGenerateInDDl>
<parsed>true</parsed>
<columns itemClass="oracle.dbtools.crest.model.design.relational.Column">
<Column name="quote_no" id="DC510C74-FA9B-2D62-9F5B-177C7A2759D1">
<createdBy>aliciang</createdBy>
<createdTime>2022-09-12 06:53:10 UTC</createdTime>
<commentInRDBMS><![CDATA[Quote number.]]></commentInRDBMS>
<generatorID>6073F4A5-C6A8-6918-ECC1-4948CC7EDCC4</generatorID>
<ownerDesignName>monh_oraclemodel</ownerDesignName>
<useDomainConstraints>false</useDomainConstraints>
<use>1</use>
<logicalDatatype>LOGDT019</logicalDatatype>
<dataTypePrecision>4</dataTypePrecision>
<ownDataTypeParameters>,4,</ownDataTypeParameters>
<autoIncrementCycle>false</autoIncrementCycle>
</Column>
<Column name="quote_book_startdate" id="27E6653D-7622-B68D-8AA1-4FF9CF30CAF5">
<createdBy>aliciang</createdBy>
<createdTime>2022-09-12 06:53:10 UTC</createdTime>
<commentInRDBMS><![CDATA[Booking start date on quote.]]></commentInRDBMS>
<generatorID>0A0D7B02-366D-DA24-916A-11A573E33B09</generatorID>
<ownerDesignName>monh_oraclemodel</ownerDesignName>
<useDomainConstraints>false</useDomainConstraints>
<use>1</use>
<logicalDatatype>LOGDT007</logicalDatatype>
<ownDataTypeParameters>,,</ownDataTypeParameters>
<autoIncrementCycle>false</autoIncrementCycle>
</Column>
<Column name="quote_pickup_location" id="12E50407-3FDF-9955-C9E4-E8B7D3C52F71">
<createdBy>aliciang</createdBy>
<createdTime>2022-09-12 06:53:10 UTC</createdTime>
<commentInRDBMS><![CDATA[Pickup location on quote.]]></commentInRDBMS>
<generatorID>18883311-984D-66CE-5D43-33B76D5E4A0A</generatorID>
<ownerDesignName>monh_oraclemodel</ownerDesignName>
<useDomainConstraints>false</useDomainConstraints>
<use>1</use>
<logicalDatatype>LOGDT024</logicalDatatype>
<dataTypeSize>50</dataTypeSize>
<ownDataTypeParameters>50,,</ownDataTypeParameters>
<autoIncrementCycle>false</autoIncrementCycle>
</Column>
<Column name="quote_dropoff_location" id="4A95C5CA-AB53-C8CD-BBA8-2D3CCA325E0A">
<createdBy>aliciang</createdBy>
<createdTime>2022-09-12 06:53:10 UTC</createdTime>
<commentInRDBMS><![CDATA[Drop off location on quote.]]></commentInRDBMS>
<generatorID>FF4C2EBB-5E00-2B0D-A5AB-043A8033E51A</generatorID>
<ownerDesignName>monh_oraclemodel</ownerDesignName>
<useDomainConstraints>false</useDomainConstraints>
<use>1</use>
<logicalDatatype>LOGDT024</logicalDatatype>
<dataTypeSize>50</dataTypeSize>
<ownDataTypeParameters>50,,</ownDataTypeParameters>
<autoIncrementCycle>false</autoIncrementCycle>
</Column>
<Column name="quote_cost" id="60190FCE-7484-A0FB-5F60-0FD3D2993F88">
<createdBy>aliciang</createdBy>
<createdTime>2022-09-12 06:53:10 UTC</createdTime>
<commentInRDBMS><![CDATA[Quote cost.]]></commentInRDBMS>
<generatorID>E54E25C5-178F-7592-98A7-4DFC72BEDEA8</generatorID>
<ownerDesignName>monh_oraclemodel</ownerDesignName>
<useDomainConstraints>false</useDomainConstraints>
<use>1</use>
<logicalDatatype>LOGDT019</logicalDatatype>
<dataTypePrecision>4</dataTypePrecision>
<dataTypeScale>2</dataTypeScale>
<ownDataTypeParameters>,4,2</ownDataTypeParameters>
<autoIncrementCycle>false</autoIncrementCycle>
</Column>
<Column name="quote_prep_date" id="C6161EC5-C725-DD7A-F0BF-57A7A6022A99">
<createdBy>aliciang</createdBy>
<createdTime>2022-09-12 06:53:10 UTC</createdTime>
<commentInRDBMS><![CDATA[Quote preparation date.]]></commentInRDBMS>
<generatorID>BA6D6967-69F5-1400-6220-DE4B7E1814D6</generatorID>
<ownerDesignName>monh_oraclemodel</ownerDesignName>
<useDomainConstraints>false</useDomainConstraints>
<use>1</use>
<logicalDatatype>LOGDT007</logicalDatatype>
<ownDataTypeParameters>,,</ownDataTypeParameters>
<autoIncrementCycle>false</autoIncrementCycle>
</Column>
<Column name="quote_no_of_days" id="5D982A45-A275-E0AA-91A9-A4AB6F1FA4EA">
<createdBy>aliciang</createdBy>
<createdTime>2022-09-12 06:53:10 UTC</createdTime>
<commentInRDBMS><![CDATA[Number of days required.]]></commentInRDBMS>
<generatorID>9D850031-713A-A9D8-EA64-3D856B045FFB</generatorID>
<ownerDesignName>monh_oraclemodel</ownerDesignName>
<useDomainConstraints>false</useDomainConstraints>
<use>1</use>
<logicalDatatype>LOGDT019</logicalDatatype>
<dataTypePrecision>2</dataTypePrecision>
<ownDataTypeParameters>,2,</ownDataTypeParameters>
<autoIncrementCycle>false</autoIncrementCycle>
</Column>
<Column name="cust_no" id="EE0FE980-3AFB-3255-C804-994EBB7CB4BE">
<createdBy>aliciang</createdBy>
<createdTime>2022-09-12 06:53:10 UTC</createdTime>
<commentInRDBMS><![CDATA[Customer number.]]></commentInRDBMS>
<generatorID>2B31EC80-BFB6-5472-E132-53DF2ED53E28</generatorID>
<ownerDesignName>monh_oraclemodel</ownerDesignName>
<useDomainConstraints>false</useDomainConstraints>
<use>1</use>
<logicalDatatype>LOGDT019</logicalDatatype>
<dataTypePrecision>5</dataTypePrecision>
<ownDataTypeParameters>,5,</ownDataTypeParameters>
<previousColumn>false</previousColumn>
<autoIncrementCycle>false</autoIncrementCycle>
<associations>
<colAssociation fkAssociation="79279806-455A-E96D-A89C-58F4B70D0D1C" referredColumn="A115058E-769A-B57E-571B-9E7DF70268E4"/>
</associations>
</Column>
<Column name="quote_purpose_no" id="9E5E2B27-903A-86A9-C04F-556C4620EF89">
<createdBy>aliciang</createdBy>
<createdTime>2022-09-12 06:53:10 UTC</createdTime>
<commentInRDBMS><![CDATA[Quote purpose number.]]></commentInRDBMS>
<generatorID>70A73C89-6D95-F535-89A4-A8FFF9B255CF</generatorID>
<ownerDesignName>monh_oraclemodel</ownerDesignName>
<useDomainConstraints>false</useDomainConstraints>
<use>1</use>
<logicalDatatype>LOGDT019</logicalDatatype>
<dataTypePrecision>4</dataTypePrecision>
<ownDataTypeParameters>,4,</ownDataTypeParameters>
<previousColumn>false</previousColumn>
<autoIncrementCycle>false</autoIncrementCycle>
<associations>
<colAssociation fkAssociation="19CDB489-D546-5E43-D076-D5BE8AF98318" referredColumn="6E754DBB-DC3B-E6EA-EB27-13FC352FCBAC"/>
</associations>
</Column>
</columns>
<indexes itemClass="oracle.dbtools.crest.model.design.relational.Index">
<ind_PK_UK id="5979D36D-883F-7AC3-0BAB-E38BBBC93AA3" name="QUOTE_PK">
<createdBy>aliciang</createdBy>
<createdTime>2022-09-12 06:53:10 UTC</createdTime>
<generatorID>3D097D6E-0942-84D7-A866-F4C884CFCD56</generatorID>
<ownerDesignName>monh_oraclemodel</ownerDesignName>
<pk>true</pk>
<indexState>Primary Constraint</indexState>
<isSurrogateKey>false</isSurrogateKey>
<indexColumnUsage>
<colUsage columnID="DC510C74-FA9B-2D62-9F5B-177C7A2759D1"/>
</indexColumnUsage>
</ind_PK_UK>
<ind_PK_UK id="3A47B4CA-37FC-A093-0F11-DE9112056843" name="quote_customer">
<createdBy>aliciang</createdBy>
<createdTime>2022-09-12 06:53:11 UTC</createdTime>
<generatorID>FBA87E4E-60B9-DCC0-5F87-1092E47373E7</generatorID>
<ownerDesignName>monh_oraclemodel</ownerDesignName>
<indexState>Foreign Key</indexState>
<isSurrogateKey>false</isSurrogateKey>
<indexColumnUsage>
<colUsage columnID="EE0FE980-3AFB-3255-C804-994EBB7CB4BE"/>
</indexColumnUsage>
</ind_PK_UK>
<ind_PK_UK id="3708D475-90D6-0A43-C6D4-6303947A065F" name="quote_quote_purpose">
<createdBy>aliciang</createdBy>
<createdTime>2022-09-12 06:53:11 UTC</createdTime>
<generatorID>6F7F1E90-27EE-C17A-A6DC-20B975301532</generatorID>
<ownerDesignName>monh_oraclemodel</ownerDesignName>
<indexState>Foreign Key</indexState>
<isSurrogateKey>false</isSurrogateKey>
<indexColumnUsage>
<colUsage columnID="9E5E2B27-903A-86A9-C04F-556C4620EF89"/>
</indexColumnUsage>
</ind_PK_UK>
</indexes>
</Table>
