<?xml version = '1.0' encoding = 'UTF-8'?>
<Table class="oracle.dbtools.crest.model.design.relational.Table" directorySegmentName="seg_0" id="FCC05448-CE6E-ACBF-15C6-08951100EF29" name="QUOTE_PURPOSE">
<createdBy>aliciang</createdBy>
<createdTime>2022-09-12 06:53:10 UTC</createdTime>
<generatorID>C631BC22-2E88-AD77-0647-D8C720F4F229</generatorID>
<ownerDesignName>monh_oraclemodel</ownerDesignName>
<allowColumnReorder>false</allowColumnReorder>
<existDependencyGenerateInDDl>true</existDependencyGenerateInDDl>
<parsed>true</parsed>
<columns itemClass="oracle.dbtools.crest.model.design.relational.Column">
<Column name="quote_purpose_no" id="6E754DBB-DC3B-E6EA-EB27-13FC352FCBAC">
<createdBy>aliciang</createdBy>
<createdTime>2022-09-12 06:53:10 UTC</createdTime>
<commentInRDBMS><![CDATA[Quote purpose number.]]></commentInRDBMS>
<generatorID>F316816B-8D19-28A5-CF27-5A463FC0CC15</generatorID>
<ownerDesignName>monh_oraclemodel</ownerDesignName>
<useDomainConstraints>false</useDomainConstraints>
<use>1</use>
<logicalDatatype>LOGDT019</logicalDatatype>
<dataTypePrecision>4</dataTypePrecision>
<ownDataTypeParameters>,4,</ownDataTypeParameters>
<autoIncrementCycle>false</autoIncrementCycle>
</Column>
<Column name="quote_purpose_desc" id="6A27547D-BF39-BFF6-BE0B-31E2550420F2">
<createdBy>aliciang</createdBy>
<createdTime>2022-09-12 06:53:10 UTC</createdTime>
<commentInRDBMS><![CDATA[Quote purpose description.]]></commentInRDBMS>
<generatorID>2D37DFBB-0EA6-7D08-A9EE-216FEC55D621</generatorID>
<ownerDesignName>monh_oraclemodel</ownerDesignName>
<useDomainConstraints>false</useDomainConstraints>
<use>1</use>
<logicalDatatype>LOGDT024</logicalDatatype>
<dataTypeSize>50</dataTypeSize>
<ownDataTypeParameters>50,,</ownDataTypeParameters>
<autoIncrementCycle>false</autoIncrementCycle>
</Column>
</columns>
<indexes itemClass="oracle.dbtools.crest.model.design.relational.Index">
<ind_PK_UK id="3D46CBA6-9C9D-E491-1777-B91B4F407311" name="QUOTE_PURPOSE_PK">
<createdBy>aliciang</createdBy>
<createdTime>2022-09-12 06:53:10 UTC</createdTime>
<generatorID>AAB084CD-68D1-E3FE-1242-4683CF35F40D</generatorID>
<ownerDesignName>monh_oraclemodel</ownerDesignName>
<pk>true</pk>
<indexState>Primary Constraint</indexState>
<isSurrogateKey>false</isSurrogateKey>
<indexColumnUsage>
<colUsage columnID="6E754DBB-DC3B-E6EA-EB27-13FC352FCBAC"/>
</indexColumnUsage>
</ind_PK_UK>
</indexes>
</Table>
